name,group,language,youtube,logo
 Xalazi Tv Weather Channel,,,channel/UCl8TS16xV5Xz21V2owXV96A,https://yt3.ggpht.com/6gyGAs07jVehm4ZPfwataPfOk7eJC5o6g7yWFHmLtw6YZ9RzszwOfLngQqrobb1hOMMpiz7XWg
1062madradio,,,channel/UCzPB5j0mU-0TORZ-7-u8y0w,https://yt3.ggpht.com/ytc/AL5GRJWgZH5X5cXAjs-mJGfT3gLlxiNdAG6mLhKxNK7qxg
10TV News Telugu,,,video/NlnY6tCCC3A,https://yt3.ggpht.com/Gb4tcFuK50ESSfUzLh-kW0aEclU3Kll5yTIq6-oTzxlkfq68VHO2x7gJT7Z3IeLmCiG93kWGaQ
24 Horas - TVN Chile,,,channel/UCTXNz3gjAypWp3EhlIATEJQ,https://yt3.ggpht.com/Kry6_WnfdJJD6Hrsp0HxRpoSq4oj4h39oRW2klUNb7-DX3Q8YKJ2EWmYf0vxX6OHMKfQ4iZJZw
24 TV,,,channel/UCN7VYCsI4Lx1-J4_BtjoWUA,https://yt3.ggpht.com/AwsdiCh9vPY13Ar44-U-5ocTcBqYlCPxrixNq8j3UgyrOc-SzI6GDAlMWL5PzmNXMQO77EQiV-I
24 Канал онлайн,,,channel/UCja992VI_u2e52c9FHQXw5A,https://yt3.ggpht.com/ytc/AL5GRJUcJCKLQ64071Gaui7f4uGHfiyh6o2YE7reHVg4
7ALimoges,,,channel/UCdFv_ZWQ3Xk_NfRiaK-ryGg,https://yt3.ggpht.com/f-dQzTnkyRbC_znNPbvUv9XpJYqJZf_NTeujXEr_8ttjOdcwuEktPBMaMcWYsxQM-69jiOTRbA
A Haber,,,channel/UCKQhfw-lzz0uKnE1fY1PsAA,https://yt3.ggpht.com/198n-WMQ4cLozV_HUuhk5wKEU7HSvvV9aIwHeqKOAvkGrWiwIsQB5_DrP-1u__fGaNI-N_mbJg
A Spor,,,channel/UCJElRTCNEmLemgirqvsW63Q,https://yt3.ggpht.com/GrNhc9daQVb86vZckXJSFvnZz--hGg0xQNnJw5Rc4C9pt4Is7s67X0XFU-lKtUoEDsMSO6T-
A24com,,,channel/UCR9120YBAqMfntqgRTKmkjQ,https://yt3.ggpht.com/UUDeuubaQlPaVvvMJhseVjpR0n3g3bk1kBdyN8iTmbbvK371YcZqYDzzBxqbmerAnWRl21Lp
Aaj Tak,News,Hindi,video/Nq2wYlWFucg,https://yt3.ggpht.com/ytc/AL5GRJXn7M_u4LJIOR-o7PYsS8KGNCxA8b51gp-kdry63Jc
Aaj Tak,,,channel/UCt4t-jeY85JegMlZ-E5UWtA,https://yt3.ggpht.com/ytc/AGIKgqOs4vrH4bdpJaRKVI7_lrfXKn4q7H02NIpfsWfiLrM
Aaj TV Official,,,channel/UCgBAPAcLsh_MAPvJprIz89w,https://yt3.ggpht.com/VuH-Spna6VDhGH7_FhFVkTD5i5hKS_Kgomta_aJwD1gAF8M8OiZSpdq8stmM-ZClLtzBadYnXg
ABC Learning English,,,channel/UCPqrEgBEHVj4vDITrClNQIw,https://yt3.ggpht.com/uzQdDkao2X55x-l4RdUwN6W9e8iQqrCwuP6yTlkek167p1YEmHBKPOr_VkN1F3Z_1vjYVFbxxQ
ABC News,News,English,channel/UCBi2mrWuNuyYy4gbM6fU18Q,https://yt3.ggpht.com/OOT0eq8LoW8V3PMURGYuk0kRSgRGP7EsuGZoODhHBcg1jCB1qkuIAxS-XGnjKX9Q6rf-WKTvkQ
ABC News (Australia),News,English,channel/UCVgO39Bk5sMo66-6o6Spn6Q,https://yt3.ggpht.com/ytc/AMLnZu_m6ZrA15uLgM1cNGM0gpT2XEXnJT6fYNjS1Z7FcQ
ABCテレビニュース,,,video/EqdxY34Y6LA,https://yt3.ggpht.com/pdmhb8Gtl4gvB8HdC8Na3mChnujTTMl5ghy41wx7Olhn00qgeIJOl7FjF9RQ9hJNyQ5b9PU0
ABCテレビニュース,,,channel/UCPW-5qfYGNR8XYrvESrqJKA,https://yt3.ggpht.com/pdmhb8Gtl4gvB8HdC8Na3mChnujTTMl5ghy41wx7Olhn00qgeIJOl7FjF9RQ9hJNyQ5b9PU0
ABP News,News,Hindi,channel/UCRWFSbif-RFENbBrSiez1DA,https://yt3.ggpht.com/ytc/AL5GRJUTg5X1v9eNFYN1k2LdQnI6_Lrv4tY6jlZ8dcrIM3E
ABS-CBN Entertainment,,,channel/UCstEtN0pgOmCf02EdXsGChw,https://yt3.ggpht.com/ytc/AGIKgqMODr_rq1Nug__jqtpmrcLfPTB9ifS_Sj7ZRvAB3A
ABS-CBN News,,,channel/UCE2606prvXQc_noEqKxVJXA,https://yt3.ggpht.com/ytc/AL5GRJWmCgiV2v8m9EMHVUikUWOD0nfb6I-Oya7zcOcI
adn40Mx,,,channel/UC7k--FhnJzhPTrbtldMSoQQ,https://yt3.ggpht.com/UC2WTLqAREsl-yCW9k8NAjIvs1Iti2rrjWwVhmXely7PWjgXF2bfPgY-3-2Rf_CDmD608FE3eg
Afraz Explores,,,video/ai2LE6yK57w,https://yt3.ggpht.com/ytc/AL5GRJVISRdJHZ3vnUXa4CjaOnxSv1j5GCKkVbdldkDQhQ
Afraz Explores,,,video/Ou7nsYGn-KI,https://yt3.ggpht.com/ytc/AGIKgqP8NCnMWWjd2qvE_g9QeSKi0JiZzzx3a4Ye-e75jg
Afraz Explores,,,video/lxlkEEipGe8,https://yt3.ggpht.com/ytc/AL5GRJVISRdJHZ3vnUXa4CjaOnxSv1j5GCKkVbdldkDQhQ
africanews,,,channel/UC1_E8NeF5QHY2dtdLRBCCLA,https://yt3.ggpht.com/L8irqEmpi37buYveRShxDoYvBTtJs4UboF4yo7sPY86uzdIy_oJ06A3VsP-TGjzFpEewg_iV1Cw
Al Hiwar TV قناة الحوار,,,channel/UC_fNP2ettM5ius4BZ6G7MOg,https://yt3.ggpht.com/ytc/AGIKgqNPjiV4nCOus4SsWlIF--8em_THsgw-dtyWDvazoA
Al Jazeera English,News,English,channel/UCNye-wNBqNL5ZzHSJj3l8Bg,https://yt3.ggpht.com/YKrh5sIYpesEIHbjfgqwFjFx3ZgIjM_zak2z0LO8QENSgrmgKBes1m65POj9jkmzm0qoKwgl
Al Nahar TV Live Streaming | بث مباشر,,,channel/UCzKamNFKCvzLOrqfBUAsD6Q,https://yt3.ggpht.com/H136H03xas-FqWvuhQnwIhSEpr_qVepO1P9pxGvsRdLDQMEDrpPBVJl4-lrcQhOqgDQTbanQXNI
AlArabiya العربية,,,channel/UCahpxixMCwoANAftn6IxkTg,https://yt3.ggpht.com/ytc/AGIKgqPXrQ4D9H502j_bh4Jgt9cgQJOUO39DbWaqPv-D0g
AlArabiya العربية,,,video/_rewJPptlBg,https://yt3.ggpht.com/ytc/AL5GRJVFbfy9HyxZZVcYqQ5OCvbIaYMbwP9hGSU6ROK2og
Alghad TV - قناة الغد,,,channel/UCH4UNKBHSNwstan99YDoCVg,https://yt3.ggpht.com/QqSDRRBCFylqAQexJ-Vb6D6pTfqMacwYltPhRhxvCvBma_oRJEWXxs48cdJhSSHpzSOJOvh22w
AlHadath الحدث,,,channel/UCrj5BGAhtWxDfqbza9T9hqA,https://yt3.ggpht.com/GLRjWHSxiV7D8xE55dUdK-GMsaLgjaTfezqf0Kfp0b83-wM3rpH68-yxKQSSZaY0I1A70GN_
Alieftv,,,channel/UCKos1CTDZxCL63jSfGjUXQA,https://yt3.ggpht.com/EHxmqaOuR3FduIpVFWFaLzpPXFnYQpSMl9JtgsUjMpEjKl61g3e-9CLaX6y6VxNSHBpBnxIxkzY
AlJazeera Arabic  قناة الجزيرة,,,channel/UCfiwzLy-8yKzIbsmZTzxDgw,https://yt3.ggpht.com/LViWsQpkUN7p22xcW5kPzWai-HzWlaszpsEP3jQjnIyXi2G_gaZz7zosE1_vNOPrrdvzKYEryA
Aljazeera Mubasher,,,channel/UCCv1Pd24oPErw5S7zJWltnQ,https://yt3.ggpht.com/SIourknNAwxNP1Gr94j8R3GCMsV6DT7eyLML2X_t4z4gWuCAFtP6-Fg_u0yO31pJYoD-fQT4
All India Radio,News,Hindi,channel/UCYOv0QZr2B70Rkx_ZqIA84w,https://yt3.ggpht.com/ytc/AL5GRJXzmFS9eqlYA5jktYr3D0HVXFB2R8KMoGJ2H8hXRA
ALL THE K-POP,,,channel/UCPde4guD9yFBRzkxk2PatoA,https://yt3.ggpht.com/rt1bDWIkFPoQblyNJnQsf1LisM9i88QKRUU-NZu9fmQ0ogyLvUVVUJe1ufaEN0E8DiZk2RgYwg
Almagharibia TV قناة المغاربية,,,channel/UCwKS2U-DwjPZZvM6mSXPKgA,https://yt3.ggpht.com/lIm_BoMk2BkSuXGgEXyeNyXXznU9MuSjH1oHlqwUpyW5zgJLxNnQ8dKL_-065SN7GC7tRm2S
alyelbasl,,,channel/UCBuSGF5xG4dPXXmNItRHkzw,https://yt3.ggpht.com/_xtOMUuRII08Zs4fcdbTc78QaFacMaMMTBy-fZxY_XUxfXKCaxPDfsHncKsYTXLDV4IQ55Wf
AmazingFacts,,,channel/UC6VJE6cD8ZPpe6ZOtVtlBTA,https://yt3.ggpht.com/ytc/AL5GRJVO26VsFeJBpCCTAFL5bstl6JoHgjWVK-rnYlzzLw
América Sports,,,channel/UCnx743KuO_16sCMIbEg7Y7Q,https://yt3.ggpht.com/ytc/AL5GRJW7XYVkRw-lIFMF_X6tRtEng5i94-zIuVdEpXBj
América Sports,,,video/PD4awtTH58A,https://yt3.ggpht.com/ytc/AGIKgqOhmgnxubWd0Zlnnyy6JPOUc94ZQ7YODz_16QaX
América TV,,,channel/UC6NVDkuzY2exMOVFw4i9oHw,https://yt3.ggpht.com/PqbFncpkf7MvslTZzyPpPta3OANZ6w_emhkluHGi1RCUJ6eFCXEH9KAP3UY0bicPZX709dYAxsc
Aniruddhacharya ji,Spiritual,Hindi,channel/UCDe0DwkMVFfSIoiYdQUPQmQ,https://yt3.googleusercontent.com/ytc/AL5GRJVyIE9uA7uv6Z00oxX4UVhmk83gFc7rFoSo2cXaRQ=s100-c-k-c0x00ffffff-no-rj
ANNnewsCH,,,channel/UCGCZAYq5Xxojl_tSXcVJhiQ,https://yt3.ggpht.com/ytc/AL5GRJVM4BpbDku0LC02HSehojJycZ1gBrm6U1LpErdjnw
ANNnewsCH,,,video/coYw-eVU0Ks,https://yt3.ggpht.com/ytc/AGIKgqOMUS0adc02h6Py293xPnF0r8QrwOQRLKuVkVFz0Q
Antiks Cartoons,Kids,English,channel/UCzuQ_l5TMSd4TuOrWbHYodg,https://yt3.googleusercontent.com/4J8Or5CTNaDPkWR1C9_YYwHknuHI-Sz_BiIUE2x5qHk7lJs8tHKEAlstRGbDTezAlwNSqpWPWA=s100-c-k-c0x00ffffff-no-rj
Aquarius Musikindo,,,channel/UCpJRmMTfdv0iPbnjo6qBw_g,https://yt3.ggpht.com/ytc/AL5GRJVbOlZsd-4CwQ6P_KVIHgd3U4DUUpYykocALxX0JQ
Argus News,News,Odia,channel/UCwBK7Cdk0wq8rCjxcvaoHzg,https://yt3.ggpht.com/ytc/AKedOLSpayG9r8Bd4gUvQN8A-WwNKL_4RCF2IMgl5d_n
Arirang TV,,,channel/UC-PHIZjV-oX8H7zD1cCN2NQ,https://yt3.ggpht.com/NIXyUN63VNSJNVCopAKnZsHOgCDSksQo7815Lx7Bo2WTKxYaFOz7LHHUheF6FW4OlN4-whby
Arryadia TV,,,channel/UCRN5ho3UGhUi7ZCBe2G2f2w,https://yt3.ggpht.com/WBWbxJNVdgthzG3A7MQjwzRH3PDxUhoiRqz0IgyAelBWNyp5yalb4a5q_HAfzR99WpeHpxusxg
Arryadia TV,,,video/f3DOPV6KMQ8,https://yt3.ggpht.com/WBWbxJNVdgthzG3A7MQjwzRH3PDxUhoiRqz0IgyAelBWNyp5yalb4a5q_HAfzR99WpeHpxusxg
Arryadia TV,,,video/huBmvX1wCg0,https://yt3.ggpht.com/WBWbxJNVdgthzG3A7MQjwzRH3PDxUhoiRqz0IgyAelBWNyp5yalb4a5q_HAfzR99WpeHpxusxg
Arryadia TV,,,video/E4nF-6KkNks,https://yt3.ggpht.com/WBWbxJNVdgthzG3A7MQjwzRH3PDxUhoiRqz0IgyAelBWNyp5yalb4a5q_HAfzR99WpeHpxusxg
Arryadia TV,,,video/6B6LTUf43Lg,https://yt3.ggpht.com/WBWbxJNVdgthzG3A7MQjwzRH3PDxUhoiRqz0IgyAelBWNyp5yalb4a5q_HAfzR99WpeHpxusxg
Arryadia TV,,,video/vtbrjKr-Cgw,https://yt3.ggpht.com/WBWbxJNVdgthzG3A7MQjwzRH3PDxUhoiRqz0IgyAelBWNyp5yalb4a5q_HAfzR99WpeHpxusxg
Art of Minimal Techno Trip,Music,English,channel/UCrcfRtdHb11YJEloTSaOYvw,https://yt3.ggpht.com/YYWRn-y53j31cox8XT1G2dNxDRTI9E0o9f2QntSXr_2DKjgr_4pLQNMpiN4NM1CR988qdcklgA
ARY News,,,channel/UCMmpLL2ucRHAXbNHiCPyIyg,https://yt3.ggpht.com/dIvTxk9G7TFJovDZPEjjPGh27dlx-kr1fi1CKM3T5KTSYVjZhoW3vFZ5wY4dKn22CMBPwtog-Ko
ARY Qtv,,,channel/UCE2oY4S4wOu6WofU2YbfWsw,https://yt3.ggpht.com/soMsE3GPgpjZ5VvAZd4-X4uOCX7ueKrnk2VKEWP9OfeE5ff56WYaqB8xAWNI6Wwms1ggqvzcmw
Asharq News - الشرق للأخبار,,,channel/UCRJUVYt9gjg8MnlGacySUdg,https://yt3.ggpht.com/ytc/AGIKgqPOpBTkByj49uxBU7bCvrRhb_e6xdMx15EaRivk
ATV Aomori TV Official Channel,,,video/cQDPXJAYmjI,https://yt3.ggpht.com/5OGHIV8vBrOo2C7Fj913RVedjKQpBCrCsYawRmA8z0znBHFzZu7tuvaJcSig0anUFRkDxcnXBVY
Awakening TV,Spiritual,Hindi,channel/UCQ8kxAu_on_YzVPMjB03rqA,https://yt3.ggpht.com/H2KkeJ9KAzGE2Hf2u7xbTaDsPaLMC08fFZdo-WDixmzS_YFoR7MA2QO8mAmiCTu8rntqbRGrKQ
BBC News عربي,,,channel/UCelk6aHijZq-GJBBB9YpReA,https://yt3.ggpht.com/ytc/AL5GRJVRUfW1JDxFjqg-LsBWB1WyVNbT2JhhHIdHicw22Bk
Bee Movies,,,channel/UCuaMJTqQ_W7qztqZ_zyErJg,https://yt3.ggpht.com/ytc/AGIKgqNPlSTbOLf-LDOO5KyF08lLmfeUyYi2RRj2E9k7
beIN SPORTS Türkiye,,,channel/UCPe9vNjHF1kEExT5kHwc7aw,https://yt3.ggpht.com/ZdYiLQMeSIj3vQ2Y0R8alIZ9UYFRMYv-hCxVki9hQSEobfw0dqd46Wy_mNlVctB7hyj1KzsS
beIN SPORTS Türkiye,,,video/MZ5D6NK5Qqo,https://yt3.ggpht.com/ZdYiLQMeSIj3vQ2Y0R8alIZ9UYFRMYv-hCxVki9hQSEobfw0dqd46Wy_mNlVctB7hyj1KzsS
BeniCam - Benidorm Webcam,,,channel/UCVlxVWLL0C1U9HRe9Nt55Lw,https://yt3.ggpht.com/ea_cRmLfL4Tw_O0T5qf8x13eFaBfZs33OElJqx39cGOM4Zw6A_FAzzASseAQKcUYzImsoTxjrw
Berita RTM,,,channel/UCjUxj4cyy_F0tVCT8WfmdZQ,https://yt3.ggpht.com/5F6FucAFLO_18kChZwut7z0YWRVvWT_IuNxggAhvd9fJfl0xPKhtdBrCc4fUJl2wTeTw3JrYBQ
BERNAMA TV,,,channel/UCcZg5r9hBqK_VPUT2I7eYVw,https://yt3.ggpht.com/ytc/AL5GRJX7G9UuegOjfr068pipSgqbHv1GMq8oA5saPQTVaQ
BillionSurpriseToys,Kids,English,channel/UCRx3mKNUdl8QE06nEug7p6Q,https://yt3.googleusercontent.com/Yw3LKH5-2Sxf7TOi5tZmEQB8p4MRXDfkTUcKgdlv8MMi8NYN0vihVHsbMzo-_qUBV1LUi-KtXg=s100-c-k-c0x00ffffff-no-rj
Bloomberg,News,English,channel/UChirEOpgFCupRAk5etXqPaA,https://yt3.ggpht.com/67h6bB9Vlw5SpQkWek4Uk8weqxzaPNGH76sAMK4j431Jx8JlUt8mblVlTCwseeb7rDavn3yBJA
Bloomberg Originals,,,channel/UCUMZ7gohGI9HcU9VNsr2FJQ,https://yt3.ggpht.com/QnXaC_YmVgrih83IPHmS_37TOJquPQm4ESeop_PTyvatdS6pJa4ynQ57K9NtD6xV9n41h7to6Bw
Bloomberg Originals,,,video/dp8PhLsUcFE,https://yt3.ggpht.com/QnXaC_YmVgrih83IPHmS_37TOJquPQm4ESeop_PTyvatdS6pJa4ynQ57K9NtD6xV9n41h7to6Bw
BN CHANNEL,,,channel/UCnjzIRDMkVnogC7ZVJJvvyQ,https://yt3.ggpht.com/DDC0K6k67kc7dzcw_Ms5rVXkbcvIl2EOwa57YjzjEikFc8-I6SjqjL0uPqYk9nbfwexVaeixLg
BOA VONTADE TV,,,channel/UCedt33latJW7StRfdF4-1FQ,https://yt3.ggpht.com/uPMurfe80YnHLuLVfEw1K78oSICgd1GIPY9KUi3lDm-2Pq_l7sDFKSq6HpiJsCJlhcSukCY62P0
BOL News,,,channel/UCz2yxQJZgiB_5elTzqV7FiQ,https://yt3.ggpht.com/lpf7A8LYtwvgEu0mWl-NTcA2cCLW96vjNFRIYzfhwxMfUCJiHoMdvWSAQteRoJfDzsRhmpFdjA
Bolero Việt Mới Nhất,,,channel/UC3018qibs_z_QgZf-auHpgg,https://yt3.ggpht.com/_dk-UV6PTSGlTQ91aDpEggwfnehMGBmYz2aFc8z9cvuTSUA75mQ2fgi-TlIgfDHmIDv8NYUh
BRIC TV,,,channel/UCqvDXN3mmnRjdxhPoqgU0lA,https://yt3.ggpht.com/bX1WpuQfehEDptUV8Nlpokrr2W_qGWtEIyNQWqerLL2fopORDnAYbUF89-lQ0TknqRDagVMcHtI
BRIC TV,,,video/V94TWMpbymI,https://yt3.ggpht.com/bX1WpuQfehEDptUV8Nlpokrr2W_qGWtEIyNQWqerLL2fopORDnAYbUF89-lQ0TknqRDagVMcHtI
BSN新潟 NEWS \u0026 LIVE,,,channel/UCSFteALQuWkhEeKqIGVc_UQ,https://yt3.ggpht.com/9zz_C-GPa2uLBxSMsxxtqWxeuao9DnQnSmK5GbnEFma-MSxi3LjThlgc8pfFdW8smE6gXtQd
BWF TV,,,video/Sy6RL483fCg,https://yt3.ggpht.com/ytc/AL5GRJWJPwOf3lEUiB5atmf459PVVyw6lT58xLo4rNxojw
BWF TV,,,video/Znb30_83IfE,https://yt3.ggpht.com/ytc/AL5GRJWJPwOf3lEUiB5atmf459PVVyw6lT58xLo4rNxojw
BWF TV,,,video/YCmRV5g-NgQ,https://yt3.ggpht.com/ytc/AL5GRJWJPwOf3lEUiB5atmf459PVVyw6lT58xLo4rNxojw
BWF TV,,,video/kRvrLZ6H6Rw,https://yt3.ggpht.com/ytc/AL5GRJWJPwOf3lEUiB5atmf459PVVyw6lT58xLo4rNxojw
BWF TV,,,channel/UChh-akEbUM8_6ghGVnJd6cQ,https://yt3.ggpht.com/ytc/AL5GRJWJPwOf3lEUiB5atmf459PVVyw6lT58xLo4rNxojw
BWF TV,,,video/hm22A_lkqdw,https://yt3.ggpht.com/ytc/AL5GRJWJPwOf3lEUiB5atmf459PVVyw6lT58xLo4rNxojw
C5N,,,channel/UCFgk2Q2mVO1BklRQhSv6p0w,https://yt3.ggpht.com/nKNFyCErbN5C21SI5A9GwPSNAlC9jaa6JMKN6VuW6jQWSd6lRO6UEamjneVlJUr9qXxQCeRa
Cafe Music BGM channel,,,channel/UCJhjE7wbdYAae1G25m0tHAA,https://yt3.ggpht.com/ytc/AGIKgqNdDW3hiE1udWI4eI086Qa3qu41ltejJ3EGvXovzQ
Canal 12 Trenque Lauquen,,,channel/UCaU_cKHQ4IFHvBzQ-tKS1-Q,https://yt3.ggpht.com/ytc/AL5GRJWXbfLOZsckLk8Ma4BtM7NbXwE5y7QStOyl5OwG
Canal 26,,,channel/UCrpMfcQNog595v5gAS-oUsQ,https://yt3.ggpht.com/qiB2U_CZaAY_4IdZydkjJwMxnGCpr0v-tLoJmKrjG0KeqA3rLdj5hQ73jnOIjq2kmUcPajCvCTA
Canal Cultura Venezuela,,,channel/UCMPPdsYmf-V6jukDtIfpM_A,https://yt3.ggpht.com/LiwlMHM0l4i8r0CNS-c3IpXdHS8-10RpQMzzOjsJ2TgPqQZJaBXeM36FGJsa8uadRAuZSD34tJ0
Canal KZO,,,channel/UCv0zRACOVWmhu1Ilufm40-w,https://yt3.ggpht.com/ytc/AGIKgqNX9vYczYGfq0QDZMV0dOG9GOtilaIZ8qR-Z8Z5Og
CANAL MISSION,,,channel/UCuXFEDZzOIAvdCYqYsYAKmg,https://yt3.ggpht.com/BE_20Ki9nH9t76YoQBHdSr-XZf72MDWR7o3NixzA16H5yzR99n9ukWWA35JvRPWNai6uJ4tlWuo
Capital TV,,,channel/UC-an6pHQfTVZXgrLP0p1EGA,https://yt3.ggpht.com/25fIfGl8bghwlNDXcaVrCmCvlG9lpXo4lA6fL-nNtfb-ZiWQ06PtDFmqGQZdyb4G1p2ZLmltFQ
Cat Trumpet,,,channel/UCI-Ho-GaKYbtMzXJWmWAsrg,https://yt3.ggpht.com/ytc/AL5GRJXZEvbAYNfOIn91Sw-g6GD2GonqwzONeD4emA7lQA
CBCSofra Live Stream,,,channel/UC--UtxrU7FWNCp0l7AG9EIw,https://yt3.ggpht.com/ytc/AGIKgqORWpIjSphC27om0Ee0_PmEXKg8SBrKFPG4b8o1QQ
CEEV-TV LIVE,,,channel/UCt34B9T0UAI-Q-uocpb37yA,https://yt3.ggpht.com/xS-U6kVympL9zT3kfRnqi51FJc2rTweJAqyvpstEkU23V3_3VS0wn2ITy4rs4snx5pPa7diy
Channels Television,,,channel/UCEXGDNclvmg6RW0vipJYsTQ,https://yt3.ggpht.com/mz3T74jFl9DpLb8nNH3ETqIuUXqAztMzOYUckw7YZWmCjnmLiaUU5T0BLEIBJk74Q0eoq0CRbw
CHV Noticias,,,channel/UCRsUoZYC1ULUspipMRnMhwg,https://yt3.ggpht.com/msZfirXu17cpZoIrWX-Q5tJjBmwdJSbtilrQe7bCNFmpvkG9CKY7hqOj8PuU2cEJ-jds7Z2aFA
CNA,News,English,channel/UC83jt4dlz1Gjl58fzQrrKZg,https://yt3.ggpht.com/ytc/AL5GRJWTudQ148W6NfKgx_lNGR9JQLaj1OYLFZgGJPhOUQ
CNBC Arabia TV,,,channel/UCsHdPPJXT-yKVTLGkn3DSvQ,https://yt3.ggpht.com/qEaMh3qe5aECjp6bsfKqzlOYRAXfoIH0z1k0pAtlYoyX4BMUyB4YXA1YLvhafG-EgQJjnOltig
CNBC Awaaz,News,Hindi,channel/UCQIycDaLsBpMKjOCeaKUYVg,https://yt3.ggpht.com/ZWBVhVeY1UFL3q-nLo2XSzh1R90DXI0V8PNK125pZFooVwQxS543UdhfcBX_0fThMebyhAfnw20
CNN Brasil,,,channel/UCvdwhh_fDyWccR42-rReZLw,https://yt3.ggpht.com/ytc/AGIKgqNPGMU3ac8hErHSTtQYlCVneLrfgGWW56Gw7unr8w
CNN News18,News,English,channel/UCef1-8eOpJgud7szVPlZQAQ,https://yt3.ggpht.com/4m7yvjIhOhtCXb905kcNQl6EXt5AzDXvmx6pN5WxbMtd1hylOZDESw6lvV77UjPWtQ--JizW8w
CNN TÜRK,,,channel/UCV6zcRug6Hqp1UX_FdyUeBg,https://yt3.ggpht.com/ShuHogS_oo3tsc3tCTX38tSKoFHUzCYgnQ-Vrun8QiFgWAQoaBE5ZRld8vZkZU40gAVibg2WRw
Cold Case Detective,Crime,English,channel/UCdjslyNQupPSFxK_mSPcG-g,https://yt3.ggpht.com/ytc/AMLnZu91uKoppQJdRBlpEMFQSaXd_I4CIJ3T7MNxl1Cz
Como Cam,,,channel/UCaLNBpVCnRQ129Ow2MaMtew,https://yt3.ggpht.com/ytc/AL5GRJX7yEuZIvOAdGIXs-yNqHStbQxlwSBlG452vWgK
Cops TV,Crime,English,channel/UCfJsOa7m1zKMS9T2dvIljfQ,https://yt3.ggpht.com/ytc/AGIKgqM_328iuIJAIlN3BZL394jjLaOUypgPGqEg3-o_RA
Create & Craft TV,Hobby,English,channel/UC6dB-iYVw8Lcs5_uFWUZCOQ,https://yt3.ggpht.com/fnybNqxJVlKpq0EplOrnGgfKyjwQD1kR-kZTUHOqlooUG2VfhZKjJgHSCiuZkftEUGqToaPpoNk
Crónica TV,,,channel/UCT7KFGv6s2a-rh2Jq8ZdM1g,https://yt3.ggpht.com/i213N_VQVyD9cIhh1zRP9OFW60ege6nchMkw4SzEiy6YznGacsKto8GKsFoye12LcV4pskI__w
CTITV NEWS,,,channel/UCpu3bemTQwAU8PqM4kJdoEQ,https://yt3.ggpht.com/ytc/AGIKgqMvH_Ef5u2WCLXQVH_3suQmHDD1ePiH7ku64wUO5Q
Current Time,,,channel/UCBG57608Hukev3d0d-gvLhQ,https://yt3.ggpht.com/DaV-yEdy-cBqcyEHcrjzkYbJxUBuLGJgFD1v6DSkX-FI8gclofHf4HtJ0pv_nCVol0jut4_UPw
Current Time,,,video/HHgksyoQxAs,https://yt3.ggpht.com/DaV-yEdy-cBqcyEHcrjzkYbJxUBuLGJgFD1v6DSkX-FI8gclofHf4HtJ0pv_nCVol0jut4_UPw
DawnNews,,,channel/UCaxR-D8FjZ-2otbU0_Y2grg,https://yt3.ggpht.com/ytc/AGIKgqMrGlzpzAL0_hMR78tJBlNzzOPRrvLJWeJppziX9A
DAZN UEFA Women's Champions League,,,channel/UCxgii5f9u4YgXCeubCozbEA,https://yt3.ggpht.com/qOEedZG75WI3il2pr6kFa0W_-E3ynruf8fNybqP7d0SMBTvT_jcJ36tNV2bb4a9xsyDCI_d1
DC Kids,Kids,English,channel/UCyu8StPfZWapR6rfW_JgqcA,https://yt3.ggpht.com/ytc/AKedOLRu2MPHAs_A-Kmv-iTR_8rDC5uv6CoWq5ekM_DATw
DD India,News,English,channel/UCGDQNvybfDDeGTf4GtigXaw,https://yt3.ggpht.com/ytc/AL5GRJVw-cLANh31uLhDIs_BTSis7zzuOsc7XtAMVvJPbA
DD News,News,Hindi,channel/UCKwucPzHZ7zCUIf7If-Wo1g,https://yt3.ggpht.com/gO0awpd_5QpBSAn1qbsE0WcbO57H1uuwqwVtZG2hQl3N4OIemMgZXYezurk4fwu0xdsu6B-TRw
De Jujuy,,,channel/UCes8eFYckw9HX65cyX461TA,https://yt3.ggpht.com/4qqW5RH6aCInZrLTHiQNYDQqs8s-oAaoJSOZki-nKMyKF6y0CGhD1x6pV2aqvNiVvc4UjZaiog
Dinamalar,,,channel/UChcR8SrIiSON4KxmtpwfMgw,https://yt3.ggpht.com/ytc/AL5GRJUfINkiUZLT64O1_SiYw1gJSGbXn1qAu4WbGhaMTg
Disco Music,,,video/lYsu_d_3g5M,https://yt3.ggpht.com/ytc/AL5GRJUybakEAKCbQ53NI2Q7zNRsnanh2FjB3LLgWJCN
Disco Music,,,video/fvkZzxAkkf4,https://yt3.ggpht.com/ytc/AL5GRJUybakEAKCbQ53NI2Q7zNRsnanh2FjB3LLgWJCN
Disco Music,,,video/fZQwnD55uec,https://yt3.ggpht.com/ytc/AL5GRJUybakEAKCbQ53NI2Q7zNRsnanh2FjB3LLgWJCN
Disco Music,,,video/vsmT1P9XPhE,https://yt3.ggpht.com/ytc/AL5GRJUybakEAKCbQ53NI2Q7zNRsnanh2FjB3LLgWJCN
Disco Music,,,video/lr1v6Q9UVGs,https://yt3.ggpht.com/ytc/AL5GRJUybakEAKCbQ53NI2Q7zNRsnanh2FjB3LLgWJCN
Disco Music,,,channel/UCLo_UlgP6CF8sgAjkDM3gJw,https://yt3.ggpht.com/ytc/AL5GRJUybakEAKCbQ53NI2Q7zNRsnanh2FjB3LLgWJCN
Disney Junior,Kids,English,channel/UCNcdbMyA59zE-Vk668bKWOg,https://yt3.ggpht.com/_h0LruFUfluRLAx1VtPbKZ4AfTnm7TkTFMZIuR83dKpnRcOCP8tkw8KIJaHfaj2yKgPffuLu
DNews,,,channel/UC4dWvSKVWJ36tJyhjDQCCaQ,https://yt3.ggpht.com/gnpgx7YYP2NfIXXkc11ejmyH4gFJmgAz69TQ1h94TWuxPAS_Qv8c_n_6k7NLtreFCqheZNxW
Dobrogea TV,,,channel/UCc5vhBLfkX4MSOEwjismqHw,https://yt3.ggpht.com/ytc/AGIKgqPcaC5HcGUi8GJxN5mslt3vJVTPQuOqgCroP026sw
Dreamy Lofi,,,channel/UCO6DPUss5C5_sSIayQPJcXw,https://yt3.ggpht.com/ihIzZ2ruM266iNUNDx7zRW6tA1fSYCYVqtm14qXyag21lA6TWD_uPkIyiJZ0xF52f55jJnMhfQY
DTV DIPUTADOS TELEVISIÓN,,,channel/UC1h8_HKc5wScqeRw1HV6a6w,https://yt3.ggpht.com/xqQEfRfgmd-7W5YSrsMCULg4NYd2QLU912no0Dmok4FCdC4LI_romUJTN0sRDanNuyarQjJ9
DTV DIPUTADOS TELEVISIÓN,,,video/Gq6MIaZ501A,https://yt3.ggpht.com/xqQEfRfgmd-7W5YSrsMCULg4NYd2QLU912no0Dmok4FCdC4LI_romUJTN0sRDanNuyarQjJ9
Dunya News,,,channel/UCnMBV5Iw4WqKILKue1nP6Hg,https://yt3.ggpht.com/S3x4qubQOEyO50MByNNmBUGqd0UmcAcY4qt_8kUhHUrGzgmQc2QdvI7mYqcxu_ZMh4fVS8H8jOA
DW Euromaxx,Lifestyle,English,channel/UCd-swDW3HCs4LTZhq8Cf7Fg,https://yt3.ggpht.com/ytc/AMLnZu9CLc9DIXPt0fIqYUP5VFaj0MyhpNNt4X9pCJJyFQ
DW News,News,English,channel/UCknLrEdhRCp1aegoMqRaCZg,https://yt3.ggpht.com/ytc/AL5GRJVD4O88NOHuDy4H1X00w1Q-ks6tvUE61hAQItD3iA4
DW عربية,,,channel/UC30ditU5JI16o5NbFsHde_Q,https://yt3.ggpht.com/ytc/AGIKgqOoBui8gS8568BcmJJbfYqc0-kAfe6YbkxuSpsDxA
DWIZ 882,,,channel/UCWe04Bz8YogtOksyK4O5xXw,https://yt3.ggpht.com/Wu8LxmXg01-jCbQcGX8G7vZ8XUpvrbkNTn7kSQyVs9mjERzdZDRu7PnPv6pseUEts91vnZ24
Dân Ca Ba Miền,,,channel/UCNuq-1Bnn-iq1rV3WS8fv1w,https://yt3.ggpht.com/ZYPSHb8SKvXAsN3mHQWnJyyWq2eg5HdniQSjByqbqRBOdnj1yY1UeJFY6yRW58zEppzXJRfvmw
Déjate de Historias TV,,,channel/UChMCkc02GVSi89TrvhbRasA,https://yt3.ggpht.com/hM8UjiEpcqbFKo4iXS0el6aN44yoRTdKuLC-Ra6-2WsDHBc22GZK8kz9RR5YuU4MfK2eyOCI
EKHON TV,,,channel/UCWVqdPTigfQ-cSNwG7O9MeA,https://yt3.ggpht.com/oG8z-BPo2bbfUxta79CTDiK0PLBJMp329D0v3aJTT44F8YAP1SwYBfL9pC2fTVljqkdlHMZUOpw
El Destape Radio,,,channel/UCgOvQwLB387CWMrseINhyCg,https://yt3.ggpht.com/Ri85Tm-Yx-nQl9aGOgxyZ9mgvyhLpdowWdyNJPaI9xF0jtH1jbx-JKfK-3n24FB4z0ukjzzzF0A
El Futuro En tu Mano,,,channel/UCZSw3jfFZo_8I9BHSMlT2Fg,https://yt3.ggpht.com/ytc/AGIKgqOtXfC2jfc04Mhg6RrxGVu9_tpsus9DTpkhhKc4nw
El Siete TV,,,video/d0BFOFLmBcE,https://yt3.ggpht.com/kg5vrdz7shjKha3N3I7ed5MhzGv3_LwVfNj1vtZfW9OFSGDArcvMD0wmtYhq9yLkkVuRCcuK6g
El Siete TV,,,channel/UC64ZNqX0FQHabP8iIkmnR3A,https://yt3.ggpht.com/kg5vrdz7shjKha3N3I7ed5MhzGv3_LwVfNj1vtZfW9OFSGDArcvMD0wmtYhq9yLkkVuRCcuK6g
eldoce,,,channel/UCiaePeoCqpU8hBHiNrgkzrA,https://yt3.ggpht.com/ytc/AGIKgqP9u4_Cx4yxg1RxOz_Xd5nOB5A7raOPrzPsE_hC
ELONCE ,,,channel/UCWzsoIEZLGLinhYrm66VD4Q,https://yt3.ggpht.com/D4dJktBXZr-HJd69IiAtn-013T2XheGAGTzZd9wIYrMydNa0EYHWCikOEFbuvdGyntpG4H8I9w
EMC Shalom Internacional RAÍCES HEBREAS,,,channel/UCxO3f6EbNSVntQLADPZmk6Q,https://yt3.ggpht.com/ytc/AL5GRJVU5uKYdl4Vz5hZYHCDqq_xVJhl4iacmlDuBdeNvw
Epidemic Pop,Music,English,channel/UCzMxEa-lDX2AfgotszScOFg,https://yt3.ggpht.com/t_VmCQuVMtzURrk2Xlbh8JU7RCi1jUGk5i-jYXMDIT3x5ge8Q9B4x9qDwdei8HlvJbi7iw-6sA
Espreso.TV,,,channel/UCMEiyV8N2J93GdPNltPYM6w,https://yt3.ggpht.com/ytc/AL5GRJUdXQhJ4QajMftEeRmenWH2pAoH2v03xcRoL40146U
esRadio,,,channel/UC1IYhBFQbBWIxirTRbcfIUw,https://yt3.ggpht.com/SrEZMN51sNRwV-UEruD8__Ogpmt2r37ziW28zCSdK4Q4VXCJsaaV5CVMkaR3WOxHWtPnTzhutw
ETV Andhra Pradesh,,,channel/UCJi8M0hRKjz8SLPvJKEVTOg,https://yt3.ggpht.com/u8QRZA82BCje9zgMhgDk_ROVb_zwcJz5iDJ-BQnNk47h6vY_PwqREBeJeUaVCCAZ3LAX_MDBTbg
ETV Telangana,,,video/IN9OA5VmvTo,https://yt3.ggpht.com/3eMz2ePLhVmre6X5oA_2Q6WOmYYW4xMaD2czPYtXC79JlK-sSAFJ7hiWp9Kx1cH7YMWmJi9Xw80
Euro News,News,English,channel/UCSrZ3UV4jOidv8ppoVuvW9Q,https://yt3.ggpht.com/t3slq37NYJRuP2UoEZDoPKyMClKyQULG8-j2DEfzL1XXcBvFpR6z6HD7rtc0wDn8Mqt0OtpU
euronews (en español),,,channel/UCyoGb3SMlTlB8CLGVH4c8Rw,https://yt3.ggpht.com/qFkd6lZgU09CvQP-6pJggpIlXwW4h0TLM8DvtHGTsOteRWmFYstP8OyypJvtOekV2bHXikxBRg
euronews (magyarul),,,channel/UC4Ct8gIf9f0n4mdyGsFiZRA,https://yt3.ggpht.com/03GKn9u5sk30YF2z6CK1oD7ntQ2Ye0h_ppSTnQFFrYlqHeamvAnTOoFDvnSiX5vWQnjTSuYixzo
euronews (στα ελληνικά),,,channel/UC8HJZNfDPoySgW9DN3YGNaA,https://yt3.ggpht.com/MNf6K3CQWM9hYBq0Dyi2AZVu-6-3gGgGLAhDYTKEBVYB2mBYH0GurGFgfdmasdYZ1XdZsmuIq8w
Euronews Albania,,,channel/UChR-A__NS_C5kHDWj3PeAhw,https://yt3.ggpht.com/ytc/AGIKgqNaN0OwodlYgp436MIp-6u5rXk-Lqn-dorD8TSD
Euronews Bulgaria,,,channel/UCU1i6qBMjY9El6q5L2OK8hA,https://yt3.ggpht.com/ytc/AL5GRJXd_sDKY31Bfl7G6yfS7w5QVttnjMP8g7wIjNMH
Euronews em Português,,,channel/UCUmEPYxmnyQDeRUcFkslmQw,https://yt3.ggpht.com/HQD80ch4HMyp3DqbFUKUFu_xfK6lcyjL6IvW8WEvDEVcavxtkfpxiYwoNURUJs8pJ9sBUDX-
Euronews по-русски,,,channel/UCFzJjgVicCtFxJ5B0P_ei8A,https://yt3.ggpht.com/VG-hWBSY602L8iSO2Q8_OVn5dhF1oU4BXxefzHt1LroWit79aJ8kEYqG6zGqf6UuUP3w8npd
EverGreen,Music,Hindi,channel/UC1LyWXe9XLGynG39zkfLDMg,https://yt3.googleusercontent.com/ErPf9o0J3_SQl-Oixsqz9or2V0U-zqgSncb4g2oYg578ZN4w8hxXxCWafbwSMEBna7Y-Of_APw=s100-c-k-c0x00ffffff-no-rj
Excélsior TV,,,channel/UClqo4ZAAZ01HQdCTlovCgkA,https://yt3.ggpht.com/ytc/AGIKgqOfNoaGpdIjQieZVBh20pt3oa72eB4d-I__9ly4eg
Explore Live Nature,Nature,English,channel/UC-2KSeUU5SMCX6XLRD-AEvw,https://yt3.ggpht.com/ytc/AMLnZu-wEs2xxrgvRYem8uH_3-9n9aACxtrdnfa7M5YLhQ
Express News,,,channel/UCTur7oM6mLL0rM2k0znuZpQ,https://yt3.ggpht.com/N-QE1Wh-6881bcPsg3722zLo_e9ZsforR4m01rRG21QTYnWI2YFiXrw5qj9cOf_PribckLE8yQ
eXtra news Live Stream,,,channel/UC65F33K2cXk9hGDbOQYhTOw,https://yt3.ggpht.com/ytc/AGIKgqPk6nq1c_ewP15O-UhlzAjh8IYm5HWehWB2Q4qDig
Factnomenal,Science,English,channel/UC1pUFgoqKqy_sfzF0_rtQzQ,https://yt3.ggpht.com/2BL8HCZqU6z4YkbSoYk2DspfJU9BGxNPMvvEm8lUFfugee-VR6A-0pCiu8SwOYUttOmlY3mU4Q
feratel – your window to the world,,,channel/UC9xLSF0SZDbVa70iTpghQBw,https://yt3.ggpht.com/AtkgY-g5_Y-QeRvDy-FweAi-4utvOlU7iJobhozgx4rSKx7DRP6hys_UrFf9mPbQuLMDaSWU
Fly TV,,,channel/UCEpTWSFqICafylnJ0tdQpeA,https://yt3.ggpht.com/frxv-YONCV8jG9eRLvSXDIXyy-a33Pfu0Ce8xPMleEAY7PXf58Fm81AR9R5-lsy8leEO0h1liw
FMVale975,,,channel/UC1Oa7gHuqzGHB90FPb0ssPA,https://yt3.ggpht.com/97sLhCzI_E89ZkqUzcJiB5qwaurcB0o7XYP979p34w82R2r_7ZtQZhxKAV8POPFq3IMDrxbaXBk
FOX,,,channel/UCJe13zu6MyE6Oueac41KAqg,https://yt3.ggpht.com/AYrmh-j1AdF02hLCTH2hQtCmq2fEwXTDy40eiD5mXt6WhVd4vjtKw87D8ObEU5yJENVPZ9BL
FRANCE 24,,,channel/UCCCPCZNChQdGa9EkATeye4g,https://yt3.ggpht.com/ytc/AGIKgqMKSXZrNZje6psD47Xbkj3KRqiiTHRjufyCZvMUEQ
France 24 English,News,English,channel/UCQfwfsi5VrQ8yKZ-UWmAEFg,https://yt3.ggpht.com/ytc/AGIKgqNNrxL3Bam46oeoN-tJlZBWkunod2b7AUNRasWbrA
France Inter,,,channel/UCJldRgT_D7Am-ErRHQZ90uw,https://yt3.ggpht.com/a3JSTbtCxqvP67gtm-lIOrWFUvOPQWJIm9LOWmoG38v6as_OgjISVE5w0PsFA9My48CdnBXTKQ
Frecuencia Zero Podcast FM 92.5 MHz,,,channel/UCWeum91XCJ0RmTG8R4d8TFg,https://yt3.ggpht.com/NKBwBuB77YSmzYPL__oVDnjyQZucZMtRD_0EhvxpOM41BnYffaNdQtY5KYy9VmH43BIrI3lRBsw
FREEДOM,,,channel/UCt3igz3aIXfS108KV_jZsMA,https://yt3.ggpht.com/xJhEbsa7M3wxdHoRkwCsZgO5Ip1CIlrr3vuehBHY7qdmu9GQAYJjFGdLCSDLeoMm8LPcVM6Q7JA
FREEДOM,,,video/53dmfuoQxIY,https://yt3.ggpht.com/xJhEbsa7M3wxdHoRkwCsZgO5Ip1CIlrr3vuehBHY7qdmu9GQAYJjFGdLCSDLeoMm8LPcVM6Q7JA
FREEДOM. LIVE,,,channel/UCOqFkpNwNLPGOb8EC-mwZYg,https://yt3.ggpht.com/hq8Ez4Aso26HVHY2jxiJ2pXFbHVCHac2qsGlWxnwwv_T1QpePpJZBW5aYz2uWstvXzVHKVKj9g4
Future House Radio,Music,English,channel/UCE7gceSq79z8uW7cTe86UaA,https://yt3.ggpht.com/ytc/AMLnZu9tzRyzH8H175teN3sBw21I6vGhTPRFFbvQI59HSg
GBNews,,,channel/UC0vn8ISa4LKMunLbzaXLnOQ,https://yt3.ggpht.com/9QATDXAANCn4Z5pqMiRj54aYxsZza-nHbKGk6mmEfVfEPp5bsfwHXBzG8XIcJizrT4Ed67RY
GBNews,,,video/8WX6YL9JnLw,https://yt3.ggpht.com/9QATDXAANCn4Z5pqMiRj54aYxsZza-nHbKGk6mmEfVfEPp5bsfwHXBzG8XIcJizrT4Ed67RY
Geo News,,,channel/UC_vt34wimdCzdkrzVejwX9g,https://yt3.ggpht.com/kE5_i9Ror638AHYfq7SPLGZa8qPnDvU4SR51zMLU1bBlul_G6uPkmZt6_mbWc9WjyKdD5iYe
Globovisión En Vivo,,,channel/UCfJtBtmhnIyfUB6RqXeImMw,https://yt3.ggpht.com/RlSRDysdiCOHOZbwCkYueV_x2nyBBmTu3yni3kdEtSnBq71GOcAk2EGjBIjVADO_Fac0vdVnyv8
GMA News,,,channel/UCqYw-CTd1dU2yGI71sEyqNw,https://yt3.ggpht.com/V-dRGM9K3NaOzY8M6d7At_GP1Yf_-TSq-2Mj5AUEoVkJQCQZrP_stToYDlEHt8k9CzP2OrN4DpM
GMANetwork,,,channel/UCKL5hAuzgFQsyrsQKgU0Qng,https://yt3.googleusercontent.com/854F5U1nuLmECr0OHClX5-Eyj8JpI8YQuBWudm4H4-KhE4kTX5clshDlYQgnOB0iBeEc2C2wpw
GNN,,,channel/UC35KuZBNIj4S5Ls0yjY-UHQ,https://yt3.ggpht.com/ytc/AL5GRJVh-fafv1NRqKvjN7QqvCWy28GPq_aAULDJZIx3MA
Golf Oscar Romeo,,,channel/UCbpmfj2g2tYuBezI2kEDhsg,https://yt3.ggpht.com/ytc/AL5GRJVt7ttj47U2us5ofPCEvUu7si5JCanHYfEARNiHFg
Good Life Radio,Music,English,video/36YnV9STBqc,https://yt3.ggpht.com/ytc/AMLnZu_V9mOdHaorjNFqGXCecFeOBZhDWB8tVYG_I8gJwA
Greek Songs,,,channel/UChMcgwcwdDdAS7nFrksaL9w,https://yt3.ggpht.com/ytc/AL5GRJVCxdQJpqMf_MwrfVQjRxpXh7lc1pFCBIDdC5_j
Greek Songs,,,video/GgSEAgiZUaM,https://yt3.ggpht.com/ytc/AL5GRJVCxdQJpqMf_MwrfVQjRxpXh7lc1pFCBIDdC5_j
Green Sound,,,channel/UCkfkd_xoW3W9OxenEL0Zm-Q,https://yt3.ggpht.com/mNTMdW8MEMMqjtsdtz22xFYyrA_OKuPBRaocYGk5UQq6vpoW7iCaz81cMmMXpf9VunZjRROl
Gregorian TV,,,channel/UC8ebJ_anG4byfhC_2hT7eKw,https://yt3.ggpht.com/ytc/AL5GRJX9PaJ_7TiHyHTqqXPLRjEulM0VGhdkIZanyzWUZg
GTV NETWORK HD,,,channel/UC6XLG5YjZfK1p5oY5MJ3NMw,https://yt3.ggpht.com/lkLVIIVNb--BMVOlg-GYpPgBuaQBIYvOidYzqRBCQF9zTTbCrBsyY_855cWUCwQ1uMO5hdC3Ug
Gurbani Shabad Kirtan,Spiritual,Punjabi,channel/UCLMfeT_BVADvx_sTybotSLA,https://yt3.ggpht.com/ppC-4mgOE3ph6lmjgO-q8cZfCDLdBm8aQp5RDaZ1gw0M1p5X5yoB6Ei45yEs4-8aJMTjjX-bUQ
Gândul,,,channel/UCQDHc1PDTAxM-8ca9ssR0bQ,https://yt3.ggpht.com/ytc/AL5GRJWvK3KvKZ4os1JnFRqWO8YWrQ956lU-yBak2POQ
Haber Global,,,channel/UCtc-a9ZUIg0_5HpsPxEO7Qg,https://yt3.ggpht.com/IyIfQHyXVM6B-nDDAZxApuWMLw_DcLd8VidNRYfUvhuQpkO_JpVWkTUHdV_OMdZO_fibWWSURw
Habertürk TV,,,channel/UCn6dNfiRE_Xunu7iMyvD7AA,https://yt3.ggpht.com/ukCrRkXonAVl29DJoIiDfasQ9Kvic5jV-ZLR5Osmnnqs5KyQEjvOyO-3MOb2aFR2hHgInrV_LA
Haiti Viral News,,,channel/UCcEY2-g-EEefxyYa1gtrk4g,https://yt3.ggpht.com/ytc/AGIKgqPRwuQKQcYl7iJO3-THWfxesOIOoAc8n4AHEpLG
Hare Krsna,Spiritual,Hindi,video/RYqewnoTqWQ,https://yt3.ggpht.com/cmXR5OrJASDcNhBOWu3hwnetv8NqIalDOiIlpWdqKBfu1364rIr5fmfKI670vOmMDPYJ-qCUFw
Hasbro,Kids,English,channel/UC-r13SLLdZtZNmuC2bMnlmw,https://yt3.ggpht.com/ytc/AMLnZu8wGk4JEru-1Csaj17ZK3Me6lR3lvByD2XX-apU9g
HCH Televisión Digital,,,channel/UCppc3_tXl_5542nU3wFki4w,https://yt3.ggpht.com/Vo7VMY63xmaFXDxSjER8GyZDgCIGQi9FbDHgiXzQ9WLZNpn2qjG41JqzxXiFHRKMlY7OCORB
Helios Deep,,,channel/UCw527CsYYlcRVR3W2ywMV0A,https://yt3.ggpht.com/ytc/AL5GRJWKO1OXqvUH3a41J4ZL2j3CH1DtF7z3deILwhLE
hitfm,,,channel/UCTTq-Hhcb_eUq0-dWpdlvpg,
hmtv News,,,video/2fvNaWiBUPU,https://yt3.ggpht.com/M20aFD6KgapPDObiR-8oG_CBRZvXOpednx7OvKXHbc8iMGszop6vTEbJesPwN-Ah8viI4SM_BdY
Hope Channel Indonesia,,,channel/UCTR1wO3hnYzBs0BJIQAyZKw,https://yt3.ggpht.com/ytc/AGIKgqOuWZ_SCn5yWGsAdCFqGRc3AlcqcMJPpnCa6Cby
HTB北海道ニュース,,,channel/UCSWOnDD1KIriGmyQ7SgNA4A,https://yt3.ggpht.com/ytc/AGIKgqM5e0qFwVLAeCfyJ5yeIQbuQCjQNfzMQqCESf2Brw
HTB北海道ニュース,,,video/xWPD8KDHUH8,https://yt3.ggpht.com/ytc/AGIKgqM5e0qFwVLAeCfyJ5yeIQbuQCjQNfzMQqCESf2Brw
HUM News,,,channel/UC0Um3pnZ2WGBEeoA3BX2sKw,https://yt3.ggpht.com/KgGf18l7xM0VRP_17TxzxysAohKtrd3KfHl1g5yu6_8rsCMytp7tqLl24d_y6W7XffHeBA62
Hummingbird Spot,,,video/pXe8MpU7uzk,https://yt3.ggpht.com/ytc/AL5GRJU9ou-PYFi2ys9p4GsmFebnYB0iNMHcqoLv0tKo
Hz. Yusuf,,,video/I2kSEe2H-tw,https://yt3.ggpht.com/ytc/AL5GRJVzKNQsqO3xCnpmC0Ni7ypJma2Rq-t4mgviuDxV
IFM,,,channel/UCvPW0VhnTcxYjWIxCvMlw2Q,https://yt3.ggpht.com/VOPtwWgRZIA4WxJyhLWwMCGrlrcNUtV8MLKr_zalcStq-Ojq7orMO56cSRQIOOcUiXrYnuQHeC0
ImagenTV,,,channel/UCl5JKSQsl-_WSU1rz7_BCJA,https://yt3.ggpht.com/ytc/AL5GRJVm3I7_eGLqqaxQkHZlDqSYmNemf7-5q7xkzpZF3Q
India Today,News,English,video/lyeyoqwXm5o,https://yt3.ggpht.com/5Zr4bV9iJRa6zNS_-VSbZ7j5S8JhQc2Aez7b9y923AnYqJnltvI2iGdOFnWBcW-34ioPZlxzzLE
India TV,News,Hindi,channel/UCttspZesZIDEwwpVIgoZtWQ,https://yt3.ggpht.com/y5S847YDNlDZNUUk3xmEfVMUDu2XSe0yAU_qvIpbwKi5VgIYQQc3FGeOANbgu-36sBEDpAwDAQ
iNews Live,,,video/xtNvq36LIgc,https://yt3.ggpht.com/AzJatRVFUL-5Fpk4M-SP-gx9qWhX8A8qWThdCKsCPU6AYlMs8r-WELO9btQXq9lO97S7IhDp-Q
International House of Prayer,,,channel/UCqSYig9Cmx6DJ3XaUYg4vpw,https://yt3.ggpht.com/ytc/AL5GRJX3gF0TKxyMBsHPqU8-tSp-ZBvGwoalTubh-ezj8Q
IP Noticias,,,channel/UC1bBjOZieJWHbsFA0LwjjJA,https://yt3.ggpht.com/o5Hb1fSF2T0XlDH_WKp_9sG61SxP7S2FFG27c_-7re-YoemTC5emkzl1c95wcqtpjmIdbJNslBg
ISN – It's Supernatural! Network,,,channel/UCoGJH4hyokR0Xyto0sfT3sA,https://yt3.ggpht.com/ytc/AGIKgqNFGyooBKvH4SDpVOGTW_yl0WfR0isRcWfTkM_9
JAN TV,,,channel/UCjmnq35TvJ1J8JZS49OPg-Q,https://yt3.ggpht.com/ytc/AGIKgqO3hFkuBCCpv2-5yY1F-RIXw0kTxJaB9p288xy1
JAPAN NEWS NIIGATA,,,channel/UC8iN-WKPu820ve-4t9NxHRw,https://yt3.ggpht.com/IaU2imQggjQ1oAAGktL-8eRb0tqGq-8UZwixDl5nwO1EqUOSDjPOZr8ioQrabzvkcob0M3AXkHc
Jason,,,channel/UCZOp-GxVb8OTANUgP4nyWzA,https://yt3.ggpht.com/ddXng1gSWl2DDoZB0rt8hX5aN2nK7QQ06uolmro7_Bwx_OUnuzsjw0mh79JPadBNp1_OSTb-uA
Jaya Plus,,,channel/UCOP4Gbw-T1ofcW8vyL89ZDw,https://yt3.ggpht.com/ytc/AGIKgqMwpCAFm6ljRrqaYCnWJYHhK6p1LSY8hOtTKKq4ew
JazBaz Philippines,,,channel/UC0djAWwMXP22wzocdJR9dWw,https://yt3.ggpht.com/CxrI7xXKD8E-xTy-BsnunKxdEjh6y2txnMc5ErmFMY0DvJUDqh2sly42NF2zOGsgKDqPIRTCOg
John 3:16 Ministries,,,video/bfoAV0hDqQo,https://yt3.ggpht.com/_I9zWSjZIvU73LOX1djsjgqYQF8TtPT6KvWHbLg9YS9ndn1exTv0BqWtTmSzoikA53BwF9qDbA
JP Collection,,,channel/UCN1LixKrxmH_R7zQ20hJy_Q,https://yt3.ggpht.com/lV4PzR1T1heXdzbeg2xqWi3JgHhyoZaK_TKxGpUQ8GTH4vKyFmA-EV_M7cuHpwv9m1Foj_YoTDM
Kairali News Live,,,channel/UCkCWitaToNG1_lR-Si1oMrg,https://yt3.ggpht.com/jLtUBolohoXYmDNg8HHjTjOXTph9YNZ1OJlz_I3_9P15fY9jGrVjg3wFX_v2fTCP6BLrV_r9dQ
Kanak News,News,Odia,channel/UC90RW5ZmBBqp4r2QIQxfACA,https://yt3.ggpht.com/vxTV33OnAei79YI2dPSTit69z5DaXn6r3jOvYHztTYeBU13ehCik6iKmvgYaO53jPokrWwcb8qo
KANARI TV,,,channel/UCn0XfLqmjYOUgpNM1K03R1A,https://yt3.ggpht.com/ytc/AL5GRJWiONYW3Cu1fmoWP9y4kKGgDK3xI7qAr56hVAKpdg
Kemal Sunal Filmleri,,,channel/UCE1XdVHzOdMnUsUMatIzjag,https://yt3.ggpht.com/oJQArCbC3NDhMxcGlDTQ-FWWSdjVFyjuBY8QEkH4sG6o3DG6ZlWlfTZHKK-olfAD3ITw9P770UQ
Kho Nhạc Không Quảng Cáo,,,channel/UCs2fROdO6Zvkl6c0TjqB7DQ,https://yt3.ggpht.com/ytc/AL5GRJWAVIB8BjaKVoXcvA6OLNbjDdLTreL9RD7O32Uz
Kids Land,Kids,Hindi,channel/UCZMKZS3L9GfhcFkMyBRoVFg,https://yt3.ggpht.com/ytc/AL5GRJXiDBpM5HVpw4nt5T3_QoPFu9hj0qYEFVfPQZ6-dA
KNR News Nutaarsiassat,,,channel/UC6D225YIMCwVBiBktEeV-vQ,https://yt3.ggpht.com/ytc/AL5GRJW0iV1ZcTN6_hdS2tP-f-GI0DxGezocE8ns2CyK
Kozoom,Hobby,English,channel/UCOwcct1FjXWzlvmQxaR4Y8Q,https://yt3.ggpht.com/ytc/AL5GRJXrwEVSMlFPW5msFiHuDa8YKhLhJdf4e0RgmnPjlw
KTN News,,,channel/UCKVsdeoHExltrWMuK0hOWmg,https://yt3.ggpht.com/ETVvEpKcRwJYj2FbbhdUmu8PN3_oGVVi6RMmvT9P6kCOJ_wNaLHDF9SLM0kK6WqCz_e0GUQI
Kurdistan24 Live,,,channel/UC3RHl2mbrQbHeXdY15NmXZw,https://yt3.ggpht.com/O6nm6qsgsGXU0aYTskInhurlnsPsUcnFYuNYsfo1VrVet1enmERn6kXJEtPBruh0OrCEqXD9HQ
Kurdmax Music,,,channel/UCKHF91NlYF3CqsrboZbFNuA,https://yt3.ggpht.com/013hKJ8Gzbcux-Hmvh_IrEhPM1EBcukRp4WNJhAJAL2rqG9RwB_7KptfxHhRqYDf_VN_EIWSHw8
La 100,,,channel/UC2zO2jZCDplwm8SVsXUcxCQ,https://yt3.ggpht.com/GijbirXXgwFRgUqwtlJ4bpm3hB_Xpe3xI23TnCOxiK9Xu2MVHhOAOFNm-RDDmLoQ2YqkCYHS1A
La 7,,,channel/UCXi-7dpQ1mnf8kxIVCe9mCA,https://yt3.ggpht.com/ytc/AL5GRJWAupVl9UbDqATZkutIZjjQGZZVzlmaWgFtYVr3zw
LA NACION,,,channel/UCba3hpU7EFBSk817y9qZkiA,https://yt3.ggpht.com/ytc/AGIKgqOFAXPsjxp78yJr8i227WTv1bElh9x3t4DYUYFKuw
LA NACION,,,video/0ib0IQf3_8M,https://yt3.ggpht.com/ytc/AGIKgqOFAXPsjxp78yJr8i227WTv1bElh9x3t4DYUYFKuw
Latina Noticias,,,channel/UCpSJ5fGhmAME9Kx2D3ZvN3Q,https://yt3.ggpht.com/ZpPS5-XHB-fzenIBUiAhOlj0fDOyyUNSS_y7ZWIvvAxO2ePQLDxoPJSoKpUUeOwBQ8MWI81S
Le Média,,,channel/UCT67YOMntJxfRnO_9bXDpvw,https://yt3.ggpht.com/ytc/AL5GRJVOWOzoxe63sPnnZY_ubicnkmMeqdx_RAqUghzN5Q
Ligonier Ministries,,,video/p2Q9OHQfvYE,https://yt3.ggpht.com/BhZk1nyQxFyJAf5ubMsVZqBNX4OrnjnlO7gln1YCRTheLieKz4kLroMuurY-JzA5tY75ErScvw
Ligonier Ministries,,,video/7rDASAh6v3I,https://yt3.ggpht.com/BhZk1nyQxFyJAf5ubMsVZqBNX4OrnjnlO7gln1YCRTheLieKz4kLroMuurY-JzA5tY75ErScvw
Liveshow Nhạc Bolero,,,channel/UCks39FmFGb9WI-Fawzxcn7Q,https://yt3.ggpht.com/Rkie84QN4TESTP0EuFMIlI4cKEBX4cEZ2JylVjcEinFXv0bqMZ7IDSlsQWhocdOfDtHe8KDx
Lofi Girl,Music,English,channel/UCSJ4gkVC6NrvII8umztf0Ow,https://yt3.ggpht.com/KNYElmLFGAOSZoBmxYGKKXhGHrT2e7Hmz3WsBerbam5uaDXFADAmT7htj3OcC-uK1O88lC9fQg
M1 - Híradó,,,channel/UCHJ8gW2vKH5R3VohymtBCrQ,https://yt3.ggpht.com/ytc/AGIKgqNIMorKCK0UHB2dAZp5muegnzUeImEG0IO2Gef-Lw
MAD TV GREECE,,,channel/UCs3cho4vcDuCze0tk3W9iVQ,https://yt3.ggpht.com/kuTJ-7n0iwUZSLftUpZcWZ9eL9-eRwopMM-EWkSChxzxfODxVVRDUz9S4BycUt3QfEsne0g8yQ
marchi tv,,,channel/UCUqGR69RKBZ2sZbSpTThvkw,https://yt3.ggpht.com/uMM1mAJKCrZBnXMFfD0jGwhh65r_Ux70GI2j9NUVCwnVxi0RkA5Vp_72KexuRFcqOcfJXzgVpQ
Maria Tv Romania,,,channel/UCMXP2cd--EkenT6FaE9rAjw,https://yt3.ggpht.com/G28Bz81fbRr-tn1cOHsYczzLtrtztKZ9crp2aGK_UkkSnJdpAqXewcitRufK1RZ2XHiJUhPuLQ
Marina TV,,,channel/UC1TelTm8bbY2jw0guInSvBA,https://yt3.ggpht.com/mJybErWbKQ5Mi915WyV2buspGifyqFPDaDKqLMPiicc8Wr7scW0yC1BuG7L4thqGhbnNcFitiA
Mathrubhumi News,,,channel/UCwXrBBZnIh2ER4lal6WbAHw,https://yt3.ggpht.com/ytc/AGIKgqOY1U10EkZuYSk86SLgjnbXTMv0e6cHTUWkcUAmQw
Matter,Science,English,channel/UCS5iRXHd5PqBud1Chh9FRFA,https://yt3.ggpht.com/3fSpSXQfUxIP_1iBmSf62AE_ByVND6Phc6dcEXr9xgiPG87G_a_AvJmbnNynS47clcGafERV
MBCNEWS,,,video/q-Wv4Pvt-5A,https://yt3.ggpht.com/ytc/AL5GRJVwa-5kILRBDFuJWgzRn_DvgcrszBFyICoVmSoRIA
Media Sunnah Aceh TV,,,channel/UCem4zrffr93cp-o8cOPDhdQ,https://yt3.ggpht.com/_4dCoRviXAgeiMdwyXqffDZS7IEUZTK959-Pe5lP3N_o1k4W5Xo4T1E9XK00bIXUViPinpGGvg
Meganoticias,,,channel/UCkccyEbqhhM3uKOI6Shm-4Q,https://yt3.ggpht.com/DivHQWmzs3uHKZQfk6BiMnVMHsIU72dWLh0X5rEh4caNkYkfEV-T3nJGDx7mplosBW498zLuLi4
METRO TV ,,,channel/UCzl0OrB3-ehunyotIQvK77A,https://yt3.ggpht.com/RXCiPfH_LYi15tgWbLNkEoJz3eQwouG6RDcg-df7Rirg3sFXP-gyW31SdwUdKTwZixUJQBMg
Misk Live - قناة مسك الفضائية بث مباشر ,,,channel/UCrvsAwtrxZ0q31yU9JEBdWA,https://yt3.ggpht.com/og9oAJs4XNIwq8JZf7iBUnYQVbiqSIK04vHtXt0wB7nEJeX-UkpYYksB7hdNDtbxzSkXqrda0A
Mobotix Webcams Russia,,,video/rG13FY2ytno,https://yt3.ggpht.com/ytc/AL5GRJXPr9nXzzK2FXCoFy2gquo9DhQCezshmNICRVfdGQ
Moli Bolero,,,channel/UCxjge247GFLmK2rE3GJRGHw,https://yt3.ggpht.com/QuKrIsidq9avBjMlIoEwQkl8-JHUfvCKdTLBqW2FHBlKGy3iD4ZpPseyF6aHoA3ScDfbpf-AFw
Moli Bolero,,,video/z2iVwlQ9kCw,https://yt3.ggpht.com/QuKrIsidq9avBjMlIoEwQkl8-JHUfvCKdTLBqW2FHBlKGy3iD4ZpPseyF6aHoA3ScDfbpf-AFw
Moli Bolero,,,video/PDIG0_zwR-o,https://yt3.ggpht.com/QuKrIsidq9avBjMlIoEwQkl8-JHUfvCKdTLBqW2FHBlKGy3iD4ZpPseyF6aHoA3ScDfbpf-AFw
MULTIMEDIOS,,,channel/UCo1nfa1JKNqtcUyLjLwTiIw,https://yt3.ggpht.com/ytc/AL5GRJXgxAFhW_ccEXBhpQpRXHBwqed_xV_jgynyCo8b2wc
Music Hits,,,channel/UC-ITe1nKavRL6-Sl2aE3LKA,https://yt3.ggpht.com/ytc/AL5GRJWTCv5wlzlyaBE5gvRNPZJPn7DDln32lNizjic9
Music Hits,,,video/kwOVzOBaNrE,https://yt3.ggpht.com/ytc/AL5GRJWTCv5wlzlyaBE5gvRNPZJPn7DDln32lNizjic9
Music Hits,,,video/hgLi2KVNK6Y,https://yt3.ggpht.com/ytc/AL5GRJWTCv5wlzlyaBE5gvRNPZJPn7DDln32lNizjic9
Music Hits,,,video/R6_3OchvW_c,https://yt3.ggpht.com/ytc/AL5GRJWTCv5wlzlyaBE5gvRNPZJPn7DDln32lNizjic9
Music Hits,,,video/ZRcPTEYoxwI,https://yt3.ggpht.com/ytc/AL5GRJWTCv5wlzlyaBE5gvRNPZJPn7DDln32lNizjic9
Music Hits,,,video/_thKXe8PSXo,https://yt3.ggpht.com/ytc/AL5GRJWTCv5wlzlyaBE5gvRNPZJPn7DDln32lNizjic9
MXGP TV,Sports,English,channel/UCOlCqreTEPtLeuNu3hJhEBQ,https://yt3.ggpht.com/9wk_1O3cXWnUmNUseduRI9QDLnSc9AcF92LrP92V8TKaVLTVWvYK5nw4TNkDJWq1-lRGGJ5LIg
N8 Snyder,,,channel/UCeFWtQK3Jl8Z3h-ciT-cMpw,https://yt3.ggpht.com/ytc/AL5GRJWHirn3g2osksXA9l5gn3BriO0gLILCSiVxB4UmGA
N\u0026T Party,,,channel/UCC9rwt1T2i4klATksN6prdQ,https://yt3.ggpht.com/ytc/AL5GRJW5-2snVPYVMXLjz2Sje8TnsLHT3UjWK4IDTk1M
Nacional Rock,,,channel/UCW3CLjm-lNO9_RtZudI4Rgg,https://yt3.ggpht.com/RKM5Yp2d4wOdf0vDHxUd2Q5rH5FguL6xy4-sXZ_XSDUJ0LrIYtn00FH_2C31S1PPcZRQ-L4F2Q
NAGASWARA RADIOTEMEN,,,channel/UCw9QaspFztufNcEBFlwb5iw,https://yt3.ggpht.com/nQjbGJXBgeDeIFHuhHNLPLYNLJ2FWMne0X7MqDcG_5jU8PbqU2Piz-BL317k6EzpByjJMJD73Q
Nagoya TV News,,,video/-C6FE2m7kX8,https://yt3.ggpht.com/yQSsRuHFP9IWtOUwzXbcf7gNiz66oNga8set1TYy7jq6UnG_GMWbd3ZWIQPZkaRKbSqvk5gmPTc
NASA,Science,English,video/21X5lGlDOfg,https://yt3.ggpht.com/ytc/AKedOLRb1ugnpZU9Cb2wF07qqiwvVQ6ZJTfMxkrVXPUMh_A
Nat Geo WILD,Nature,English,channel/UCDPk9MG2RexnOMGTD-YnSnA,https://yt3.ggpht.com/ytc/AMLnZu9DRVMJs5Xb-XqTuyqO9TEqyJdHQo-vt1FTiE4PYQ
National Geographic,Science,English,channel/UCpVm7bg6pXKo1Pr6k5kxG9A,https://yt3.ggpht.com/13FpK4FfJb_I-aTMNRQTmaxLO2vjEi_NzWm1KxOzr-vjYLX7QmfHwn6XC3PfEf4Oay5WjP0CXw
Nature Relax,Nature,English,channel/UC80oBMhAYgvV5bCWXs-xCUA,https://yt3.ggpht.com/f9e-m4g6okRrg7TCHLllMQYFxdM4SPTElEKjUWVmb4vbdzFyk2oM6knZuAVGiiZeIpvlNbO4jw
NCS Arcade,,,channel/UCiJnBO_XuDsi1SSRAmt4n5g,https://yt3.ggpht.com/HcmAtRWJJ7Uuhm8nqi_Vmr1UlBQCO6O5CjVFkxPmI5RpGzZlCvjmnlZhhMkd67cAyouu2Zm_gCs
NDTV,News,English,channel/UCZFMm1mMw0F81Z37aaEzTUA,https://yt3.ggpht.com/ytc/AGIKgqM9PMk88naG4_4iRbdKUKVkt4tWf6aOKGqfaGx7wxA
NET25,,,channel/UC5IF8NlxMW1GkEUUqWJJBIw,https://yt3.ggpht.com/U8iPa_VMaAhXEjsZY620S17nq9HlALc8GY4gU9WH54AwFrRJl9suGysa-DUKB7D_Y37PMCiTTg
News Central TV,,,channel/UCPLKy4Ypb4mfblbjJI8Aljw,https://yt3.ggpht.com/rAIqqMEci1tZOtaZ1AkLnodn2vyayrGU4lCqPQXg2lHQEbgEpGP_dWvjMEaCTNFp2Lw1xWu74o0
News One,,,channel/UCjHWKUbljF4hp3s5PbgK9uA,https://yt3.ggpht.com/42QlZYBgI1AI9ovaqGQ6Pbr0ervb_2oDGvdmfLSF5I0mYE25a2kfEHU_PUc1Y9C2NUHvOG91FvE
News18 Bihar,News,Hindi,channel/UC531MlZA5LUbeGwEN_zcppw,https://yt3.ggpht.com/9x1CpNu2C2IzCSmlDhE6XbcfBy5EWC5ojzENpekXQ5dqWna0hW938h0z0C8sCU-9-CHB_hNarw
News18 Odia,News,Odia,channel/UCUK49UvmYWYLiB7_bZFuFZQ,https://yt3.ggpht.com/ytc/AL5GRJUufjrGKgfX9mG7JHqYyRgh5Dfq5WyYDdE9WVrp3g
News18 Tamil Nadu,,,channel/UCat88i6_rELqI_prwvjspRA,https://yt3.ggpht.com/ytc/AGIKgqPn2HlgN5hI1-Rm6pPmFmgH8KvO9f81IR5NEY394A
NewsJ,,,channel/UCsfh2Zb7-m4qzT8jLhK_Fzw,https://yt3.ggpht.com/ytc/AGIKgqPEwTKle1Rzcu4NigUMQ2wJkMLSfvc4foWEXSRt
NewsTamil 24X7,,,channel/UCtbo6_eDG7zEtaOtcSltJkA,https://yt3.ggpht.com/YMbzihGGFcyiQE1PLZgBpgnMukFcDv28Mi63kk7AVXwQMNgYsSNXKY56dWbmjJmwToJV58oO
Nhac Song VN365,,,video/kNjjpbuifgU,https://yt3.ggpht.com/afLcqqirgX-2Zrvz38fJadq25zDoDNl-BCaZnpOvruVGwZIHnbpxc8nYtQu99FLOMXREs7Bt9Q
Nhac Song VN365,,,video/EQHhi-QeJEc,https://yt3.ggpht.com/afLcqqirgX-2Zrvz38fJadq25zDoDNl-BCaZnpOvruVGwZIHnbpxc8nYtQu99FLOMXREs7Bt9Q
Nhạc Sống TrangPi,,,channel/UC63eN20L5g3U7VtPx8_MD8g,https://yt3.ggpht.com/ytc/AL5GRJWf9JOoUEI9vzz-rCvV49vy5RQ1zUgItZGUej4bcg
Nhạc Sống TrangPi,,,video/-Pp6eXYnLi0,https://yt3.ggpht.com/ytc/AL5GRJWf9JOoUEI9vzz-rCvV49vy5RQ1zUgItZGUej4bcg
Nhạc Xưa VN,,,channel/UCZtn21lFugE409p0AKiq0LA,https://yt3.ggpht.com/rfpJ_bAUYKn5pG0H6DmcND8wkyAkBUrSeI7F3C8hjTr2zIplF3oZmB55mpsI3OwM3F62UmD-yg
Noticias SIN,,,channel/UCbBIwG4LJfQyM4ZdoiujBxg,https://yt3.ggpht.com/xcSZnWDOlJ7N24i1lSuHZx4SnKbAvt0WL-6tl9SRJxCDGC_4vFFXoUoJ0vJ_5PJ4qbTRtfwkgQ
Nova24TV 2,,,channel/UCOGseusAY1nMkEhpmmz6Mmg,https://yt3.ggpht.com/Bpqe8d6sP7sn-JnZOvZ9YnFSNennz7XIsJg7Y_xkYS1vJAXQ_hysIcymC4Czi93nocqifwlPHQ
Nova24TV Slovenija,,,channel/UCjYCgkpX1eQCTne99oT63yA,https://yt3.ggpht.com/ytc/AGIKgqNAVO4XdKy6M8OZTOtcxqkif1-Z_c94EUF9cGnT
NTA TV  channel,,,channel/UCQdSS9GSBbtSqW3oNB39KTw,https://yt3.ggpht.com/c0_jy3lFxgDOA8Y5LwcRMNVruOX_eYntzHgTMnhSBalzNyFodysYkTGiYY0KoG4H2G7SOXc8
NTV,,,channel/UC9TDTjbOjFB9jADmPhSAPsw,https://yt3.ggpht.com/0bDxnNTKTfKFg3GYmcsrNYqtGE7n4Gx2jTEVlpF97BcOpXBUGNfe-CxUqjkc1hK36hI3RlvQyw
NTV Telugu,,,video/_kPE2uUR8SI,https://yt3.ggpht.com/ytc/AL5GRJUGHuumUprUPY_gMhpCZwo1RCvdbbJiy4LXkmk6Qg
NTVUganda,,,channel/UCwga1dPCqBddbtq5KYRii2g,https://yt3.ggpht.com/ytc/AGIKgqOz8DWaFGxJuQwmvagwQ7463qeYxlefp9UKwaerd-w
Oddbods Cartoons,Kids,English,channel/UCCkOmb5a0QlbN7UXiWS8NMg,https://yt3.googleusercontent.com/zODgYcASMdG_AxdH9azDIXqZJKTC-g3YWx_akyJC-oPN9rXjFYgvD73jXjxdmecuhI_gQhg6=s100-c-k-c0x00ffffff-no-rj
Om Shanti,Spiritual,Hindi,channel/UCUcvsN9Jqc4RzVvMlJ1y_FA,https://yt3.ggpht.com/ueCHN3UJUO7QGvsknfIFCWEQLgBDqCijHXeYHYh1kLJ4wvpxqErOH65rvrCP-G3YWDX6k_YzRA
One Voice Children's Choir,,,channel/UCRa07c47CSfHHC7DbXMgbuQ,https://yt3.ggpht.com/ytc/AL5GRJWnbf_duhK22jA05MEks2nyQUEFfQQcDauyfSDkgg
OTV,News,Odia,video/UWY2p8YEnb8,https://yt3.ggpht.com/ytc/AKedOLSgRTYyhZKf1NGma__2qf_oa1eJfyLHkSHx9FIHfg
PARIS TV,,,channel/UCjgiKi29C--6aW3pgn0l5JA,https://yt3.ggpht.com/ytc/AL5GRJWfCRGniCODa7XzsnBuV5OZbkbReneO2tHkYYhk
PartyMix,Music,Hindi,channel/UC4zvcd2F0UebXfG4LfygTmQ,https://yt3.ggpht.com/ytc/AL5GRJVKkOCbhv65BEKC-yl_mlWaE8KCbuk8f6fWT24r
PAW Patrol,Kids,English,channel/UCSVSJ1OCSv5ClFgKFTHIDew,https://yt3.ggpht.com/M4X3Lb_NoSlwZ4WeLA4ke1VuoVnlr1_B550AN-paj1zAByZ_6_mSfAW5ZISu1vomEKiVp36opA4
PBO,,,channel/UCgR0st4ZLABi-LQcWNu3wnQ,https://yt3.ggpht.com/o4-R578DS3IOc6CCuEe_DQwA3yW93Ir4DQhMZF1L6lzSB7RlDXL1nYnZmoBCA9LBdr1ZaBrNdw
Piano Relaxing,Nature,English,channel/UCEiS8m8OLFI0REntmsTvzjA,https://yt3.ggpht.com/ytc/AL5GRJWuLvy7a7f8y8CYKDoyfD4b2ID0OX4zH-xhmjgn
PIE Channel,,,channel/UCAxAaFQnH5IK_ZTwiQWV-9A,https://yt3.ggpht.com/yv1YLrSzdYaMA8Rj6InWWHJKe_FjA4VOKxMgztz8FxgxgUEma_rv4sj7zVUPjILHUAUUwvLC
Polimer News,,,channel/UC8Z-VjXBtDJTvq6aqkIskPg,https://yt3.ggpht.com/ytc/AGIKgqOW0BCwdwP6bX7bBn7tSvPT-2lgcJAN8_LWvYGhIH0
Power Rangers,Kids,English,channel/UCbIm2iqwql8bFqkO2bHv7Mw,https://yt3.ggpht.com/IepI9V2OjYmTKYKDiRBk_5WC6J2yjJR3RCgMUfbsJxbK9J5HufPZ4y0kobaDNO9MdUbighMmlA
Prière Midi Pasteur Carlos,,,channel/UCBxkIrtn2x0YkB72FAz3t5A,https://yt3.ggpht.com/bnH4YA_eiPsuV9ydC6blOlXSPAXxNXgfPJzpESXv720Ce2182CneHFdjvjP2YM0F5ZwKt05XWk4
PTV,,,channel/UCJCUbMaY593_4SN1QPG7NFQ,https://yt3.ggpht.com/7f0UCFcLULiaebj9Lo1Bvi-ovSYqgZbZyNItga-Pb-O2Mb-Ig7Eu7Jc5LwVpr2WiQHLJgJSw7A
PTV Home,,,channel/UCMfwlaPLGMn44BKvHv15yzA,https://yt3.ggpht.com/ytc/AGIKgqOqVC03KbLr1-dE8Xi4VrPPvT9MWFss23ZsSNAfXA
PTV News,,,channel/UC5RvV_LtR1dxPCVFGw6dxXA,https://yt3.ggpht.com/bo9A9uIldOMyhOD-zf65eDQdBiPnfcsQUVXN6o1dQNRF2TCINPztWQfeU1EBk8IOXsfjkJyo4g
PTV World,,,channel/UCj-e7yp2_-qE-TPritppZGQ,https://yt3.ggpht.com/EMAGYaGayFJU-Om7gDTjgYBE4UNoDad8GiDf8EpglYxMVIDl5SZT3JyXSkalsIOIdz8pzHk7RQ
Public News,,,channel/UCElJZvY_RVra6qjD8WSQYog,https://yt3.ggpht.com/ytc/AL5GRJUk1j-HbmwQ-YlF3EMXiJl1NENz55cOxgvU05kk
PuthiyathalaimuraiTV,,,channel/UCmyKnNRH0wH-r8I-ceP-dsg,https://yt3.ggpht.com/5ZtoCHyWV95KdgDkYjVfhC1TCdZjHHE8_ar96Uvd8ulPp9rPbKhyds_ULHZUTdR27_XMdGbcLPE
Radio Ciudad de Merlo,,,channel/UCtLuJqtQpGGxa-SOzWPEmig,https://yt3.ggpht.com/AbRVUGET0M0RpqfA2BUfGfD98JtgsEpwsiJYPdpcvUh-m1rSt2Kex4ANbd06Bus6B-FjeUXf
Radio Con Vos 89.9,,,channel/UCxDteokWBemJvLI_I0VUGdA,https://yt3.ggpht.com/xPhZzrTStYO8qh8UjHdEiGRdLP37euABGkC1MRyKUQbO2UGn9nmiawQ4wcMbat-PAzEPfWaT_Q
Radio LT7 AM 900,,,channel/UCOEfC01xcEN2e_Dju2MP88Q,https://yt3.ggpht.com/40rptCTXnlrSVBB4PjRlmeBgs7OhSkZDawUZLF2p9a-HHQoldPbx1-UxsDDuS556qXK46L79Pg
Radio Mitre,,,channel/UCYvINPByAdCcpA0sWrF3I_w,https://yt3.ggpht.com/lOPglcdKxn8ltXgm_WUKe8j28N0zA4gmYD6KodtDl4ehXiMISqKvarzkayEjcLHeV-0fXh6D
Radio Television Caraibes,,,channel/UCWwP6VfG61i7BWSV0H3Jn9A,https://yt3.ggpht.com/4vlY71yYwlD1javnbwho1gALOhzupEdzgjr9-dPBtG2PTzwxg_wdBj75vqDjTOYdFbdmBb9v
Radio Télé Altagrace,,,channel/UCMRUAEjvPv7HZCUinmjywSA,https://yt3.ggpht.com/ytc/AL5GRJVaHDbLey0FqlImqK0TAwL1AvuSKxj2i1elAo-3PA
Radio10,,,channel/UCJozD5RVug7EZdTjqkGISYQ,https://yt3.ggpht.com/z5OyIisNuuoNMsoe5L13VtY2gEBqBLxr3Qz6XUpEyv35AKcU3MLBriN72R2XHFmK0Dn-Qkjfnvk
Radyo Dinle,,,video/59_FVPiDZBE,https://yt3.ggpht.com/BpvJkenJLjYymIKZgrZ9DTwGillxZ_eLvGW4VAcUAqSqMAMUplZiPlctn3ASTZRs0ZIyG-tYgA
Radyo Dinle,,,video/3LCmkOLuQ0c,https://yt3.ggpht.com/BpvJkenJLjYymIKZgrZ9DTwGillxZ_eLvGW4VAcUAqSqMAMUplZiPlctn3ASTZRs0ZIyG-tYgA
Radyo Dinle,,,video/lNEBOOL4sgs,https://yt3.ggpht.com/BpvJkenJLjYymIKZgrZ9DTwGillxZ_eLvGW4VAcUAqSqMAMUplZiPlctn3ASTZRs0ZIyG-tYgA
Radyo Dinle,,,video/mt_0DsCEC5I,https://yt3.ggpht.com/BpvJkenJLjYymIKZgrZ9DTwGillxZ_eLvGW4VAcUAqSqMAMUplZiPlctn3ASTZRs0ZIyG-tYgA
Radyo Madyo,,,video/Oy7R1dfzJbQ,https://yt3.ggpht.com/3b55G0c1iTv7OEy0HhJSCCLHg9JNfJFkNVFPz2HuPshtGayc5N7RG-XN8pwC0dC62uyaM0lBBQ
Rail Cow Girl,Hobby,English,channel/UCj-Xm8j6WBgKY8OG7s9r2vQ,https://yt3.ggpht.com/w7ypnC99hE2BTYOC9k2g5Ud1_gYmY6V0QsaeeRO0hsdeAvxzK4-S7Hb0NcAT63EaK73uvFkylw
Rap Mafia,Music,English,channel/UC-MMd_17p3qNSTVbLdiYzow,https://yt3.ggpht.com/mTlDGbTA2yAO86wi3YGZycJN8nrTaX_8grkT6SCUMDg0tj8nBIK21HnqgxTx4LIKN-dmeUJxRDY
RasyaadTv Live Streaming,,,channel/UCotIkyDFzztbSm21GNGsK9w,https://yt3.ggpht.com/X4efhQYuHPfQzIA5ZCthfv5NJ4JdiLa4qcx4w5krTCfkLCiaQ_Yak7bsB0Q849MLAGccv8v3kQ
RazNitzanMusic,,,channel/UCsoHXOnM64WwLccxTgwQ-KQ,https://yt3.ggpht.com/lWZV3Av-qXgrLBnHSZ5NHgYG9zbWhPc9ENnOFTCHaRLWg-hUiBLI8yZ9ORT41c3Q79D2QKyJ
RCR750,,,channel/UC5AA3XP4_pXIELctSsH_L7w,https://yt3.ggpht.com/ytc/AGIKgqOTstFMfrMbaKGvBI7ise51IVsffA1q6ZwyKvc
REALITATEA.NET,,,channel/UCO4RZJR_9WZmS-qRA3tMMTg,https://yt3.ggpht.com/ytc/AL5GRJUi-hfnI0NjGvaaRasrXdcw3GZPT0Nyj9ME3XJcug
Record News,,,channel/UCuiLR4p6wQ3xLEm15pEn1Xw,https://yt3.ggpht.com/xoqgjnZ9Wd8-cPvKryCyTcfeaT7K3rZtQxCJHhcbICXoVvw7x3hYcQ0S02kzvdmsqwq-Fgnt
Record News,,,video/oIA8Z_IWm2E,https://yt3.ggpht.com/xoqgjnZ9Wd8-cPvKryCyTcfeaT7K3rZtQxCJHhcbICXoVvw7x3hYcQ0S02kzvdmsqwq-Fgnt
Relaxation Ambient Music,Music,English,video/tNkZsRW7h2c,https://yt3.ggpht.com/ytc/AMLnZu9d1O338iPDejQIv8NA0a7xQwqt7mziK0aB581k-g
Republic Bharat,News,Hindi,video/qfrocHBy6RQ,https://yt3.ggpht.com/zv_TrbiRA-GpTz7DyYGCX08_XUcPUuVD_lcApKXQU18y3FBilr7b6CAy4Y4fVyVeiXk_JcCrg3A
Republic Bharat,,,channel/UC7wXt18f2iA3EDXeqAVuKng,https://yt3.ggpht.com/zv_TrbiRA-GpTz7DyYGCX08_XUcPUuVD_lcApKXQU18y3FBilr7b6CAy4Y4fVyVeiXk_JcCrg3A
Republic World,News,English,channel/UCwqusr8YDwM-3mEYTDeJHzw,https://yt3.ggpht.com/ytc/AL5GRJVxA8uCk9E231XTg2mzr4b0-WXHknHHtuPLYG7eTA
Reuters,,,channel/UChqUTb7kYRX8-EiaN3XFrSQ,https://yt3.ggpht.com/ytc/AL5GRJXzhmZgTfn0-_Ks063-dQXD22ZBM4HqqbRixiZfeUU
Rock And Pop,,,channel/UCAlQ5f7mhnkfM6jjXeJDw7g,https://yt3.ggpht.com/rSv0hW7eUu6aPNfa4VjyafTcenzv2tf5n1gZf-vV_XmN0b7gLgECNc4Mh6qtSZgipRVJnjQ2
Rosa Bolero,,,channel/UCx-1QkuFM6vexVlsyzeFXFw,https://yt3.ggpht.com/4q1SpA9Rvw2JsFgoYjqQY94E4mO7BADC45CbfrQBDjHlgNmqZ5tjhYNRrLi8gPiXyBTgFMbLZQ
RTD WEB TV,,,channel/UCB0NxICFmGabAalD46J2i4A,https://yt3.ggpht.com/ytc/AGIKgqNAcrRhZO5_lj8BqMwOoYDoe0Tn5wHPCx3hgLMu2A
RTVE Noticias,,,video/xR-4NDFsYNk,https://yt3.ggpht.com/ytc/AL5GRJWzR8SQ4KXfa9w8SMACcwdKDdqqtNRLi_jKNFzfcA
RTVSLON,,,channel/UCX0QrFrUrE3Vu7wUcvwQKSw,https://yt3.ggpht.com/ytc/AGIKgqMGnNuZFeiVUlfMrH_rtqbHZOcnMXt03WsMZs28
Rádio e TV Justiça,,,channel/UC0qlZ5jxxueKNzUERcrllNw,https://yt3.ggpht.com/hv7eKFRIED31zW53TmQnVS4-5PBdQGayWPufohCwO7XV3v7gq0Fo6oobhutT7JukZSYthRx_wQ
SAB TV Pakistan,,,channel/UCEYLn1gbYN-Z1XKTXOGMcvA,https://yt3.ggpht.com/OaVYLe4EtJPMjEqZYs9_2yioVZCOh6Zqk2s1zNxz8qELc-5UIQYo4rGuEBg9FrMGf_pe8TeYZw
Sansad TV,News,Hindi,channel/UCISgnSNwqQ2i8lhCun3KtQg,https://yt3.ggpht.com/tY3E_5kQ29_aNmLX17bMwGtgHbhkAFZefpaluftZaAxW16Q3IC2-MRxmIo9TimnaqXbz6KRNBw
Sathiyam News,,,channel/UC2ziCMHFPWkFHjocUMXT__Q,https://yt3.ggpht.com/ytc/AGIKgqNToBe-57_e-9u3cUuX8mKZEAnKStSltvgkzXXM0Q
Sharjah Radio Quran إذاعة القرآن الكريم من الشارقة,,,channel/UCn8lMRYDANs_1yAL3iuw7_g,https://yt3.ggpht.com/_HwXbtRDVa9_ET3tEdVfwmHupsXsWbi_PI2x3NuVSTg1v-wHlMQHkcM9AmKarY4JVCVymhBiflQ
Shekinah News,,,channel/UCHtYUfPnQci6GoUpPlWfrOg,https://yt3.ggpht.com/3GMOBkUtQDtwWazj98wBU_FBXPQl4eqxfALkviKTUe22s-sITfRBMJHKkwsMq2QKX7kUQ--pug
Shekinah. fm,,,channel/UCJWJu_Vts7EUBbmsa1gO0Yw,https://yt3.ggpht.com/ytc/AL5GRJUlYMkv3Bh8nW9D0qP1LxRVShxi3RedtB311xtM4w
Shoptime,,,channel/UCCuYi5AP3gya6C5mdWYS6CQ,https://yt3.ggpht.com/M27Sah4hW442TdIsxG6AgjWh3CVlar8gSW0fkXO3gScX5I9K0sKGyyBHWkgC1f_L2DydZPlT
Shri Krishna Bhakti Geet,Spiritual,Hindi,channel/UC0MRoMlktQ0OJmh3jubsz4g,https://yt3.ggpht.com/ytc/AL5GRJXKTxNO-kSRgkeDE0TFz2vnqiyvTKE2z45iIJYo
SINAR,,,channel/UCt4ZHf2zhAzkq3iI5tG0yFg,https://yt3.ggpht.com/-54_uF6PMa0JKvx6qnpTCR0awvRDXRyRVjpkd_pB5_S7L0Y1_sHIfIb66jQIGAdWJi71sDBafw
Sky News,News,English,video/9Auq9mYxFEE,https://yt3.ggpht.com/E96qzkAoX81DQs7wqRHR4rNk1esa4quBPzda2QRzImlhoHOVgRdAN8o-S0Rb_hpygo_n4LdhwTE
SMNI News ,,,channel/UCNaQMcnWvx95j7OG3217IMg,https://yt3.ggpht.com/IWppfcIrGe7KHQnidX74tXnF6QV57S9abMEWj46QSiiBBUzYadcBDWidsR7gQ3lOlaUHlf5m
SODANEチャンネル,,,video/kfIQBC0hrII,https://yt3.ggpht.com/ytc/AL5GRJVeOzZdk2SXNDWMQ3hLW_70YoQOTNHsBU5JMZSlnA
Space Videos,,,channel/UCakgsb0w7QB0VHdnCc-OVEA,https://yt3.ggpht.com/ytc/AGIKgqPsk7M0H0XFHgvO6KvhsZpDTmuYacihftF1oi2GHg
Spinning Records,Music,English,channel/UCpDJl2EmP7Oh90Vylx0dZtA,https://yt3.ggpht.com/ytc/AL5GRJVIEJQ8DOfv2TbCy6_shgN8_LlFL1fVzY3QC3_TZw
STAR TV,,,channel/UCsFINj3y7SjBaeUxiSdRjlA,https://yt3.ggpht.com/ytc/AL5GRJXyFmUAW-loySOR_160UZxe3FnF_Q0OGjaPhcUl
Steadycamline,,,video/LAla0n9Wymg,https://yt3.ggpht.com/ytc/AL5GRJWOPqX7TwHS8JXJV2IZV-0rqQ7igLDQ0btS7Cva4w
Steadycamline,,,channel/UC1byT4dOeBAZwVqQ309iAuA,https://yt3.ggpht.com/ytc/AGIKgqMNsGqaFMQ4zPzIb4mfj8Jim1bVvebvOBqJK1546g
Still Worship,,,video/9QEXWPELuW0,https://yt3.ggpht.com/i5G7ccYvOzIoPnyw5gF5dpWPP6Cj_cI2Xt12a1vB5F6XmpURDNfwgjejr3YTPKrkjlF5vnqxOQ
STVニュース北海道,,,video/lut3eG59HJQ,https://yt3.ggpht.com/ytc/AL5GRJUJs4IUxNQ8lcT7g263ZMRLhJx-H2XcX5vy6EtO
Such News,,,channel/UCyNUtOyKbLZaOgy3rhe_3lQ,https://yt3.ggpht.com/Xtfe2VDTQ-asHi0CdVRzXLWu85jErJLlnjWvek-Ryo56AE3ZOYwk4XLi0SZ4KazROtd1-v0hCw
Sun News,,,channel/UCYlh4lH762HvHt6mmiecyWQ,https://yt3.ggpht.com/ytc/AGIKgqNiYl_eNwKK2YlL1wW7217_hmTz_5OLmouZP620Uw
Suno News HD Live,,,channel/UCLdmX2z-l54Wh7ZLG7leSQA,https://yt3.ggpht.com/nEXRhenY8l3ELQroocwtF9Ky61WRZIpnp1CA20eZNuGI-NQh9xhcUZsvCBPiuyf_KGTZiSnYufs
Super JoJo,Kids,English,channel/UCJzcBX9R38KVkH7sWUn5apA,https://yt3.googleusercontent.com/y5Tzb0pMxPPLanirclqZbasYEfmkMB3LAZkbvYGPHLpcZcbiwLXnXBC9UxLx36H7f-dfhUa_=s100-c-k-c0x00ffffff-no-rj
T13,,,channel/UCsRnhjcUCR78Q3Ud6OXCTNg,https://yt3.ggpht.com/Tsgm-_R7j2H1dcDZ-ZWK_54e9NW3Mm41n2uZqGpID9ZyTdg4kOpFOX36yJvZM4XMi1nf0ox3wg
TaiwanPlus Livestream,,,channel/UC7c6rvyAZLpKGk8ttVnpnLA,https://yt3.ggpht.com/6bPR4HEN_91wKrD7k0dfnRWO5G6XPZdHKWWhRbzyT-nERWPTm-LtpqF_TYhwuf5BqMBveum5sdQ
Talking Tom,Kids,English,channel/UCDCNmuaOXOo25Yn4mbMHhhQ,https://yt3.ggpht.com/ytc/AMLnZu8icX-RsqoNmZcmNlrojwG4GVh_-X7Uz8_ZIYXXfA
talkSPORT,,,channel/UCWw6scNyopJ0yjMu1SyOEyw,https://yt3.ggpht.com/brUeyy-sv-UNAGeBSdTNf-TvPEUSdwedFPucTRDx33AJXx_NPFAvqg0SyefautLq9FUzYW8b
Tanasuh Tv Live البث المباشر قناة التناصح الفضائية,,,channel/UCRaoHR6b3zViY9QxfgFNntQ,https://yt3.ggpht.com/ytc/AGIKgqNtM8MR1wurdt_JVS8xaaDd4fZ-3dmwBaTO03Y
Tarde com Maria,,,channel/UCG6cx87iem9M6VIhM15MXyw,https://yt3.ggpht.com/Cr_sCdR12ZjpGraFB5wNiXaZ_sxtGWYaMUHPiJer5u8Y1F30BlHQLW5UyFVug50ZMi8JleLbjzE
Tarihte Yürüyen Adam,,,channel/UCi65FGbYYj-OzJm2luB_fNQ,https://yt3.ggpht.com/ytc/AL5GRJXlSFV0v-TRxlrULyyfVeXAE_RgB3CkdjjemTzT8w
TBN FRANCOPHONE ,,,channel/UCCab9t43yIzIgdAM9FWpdRw,https://yt3.ggpht.com/vgGHMwsKVkgCgqzae1N5himcB6cNDa-sxpY84ys9J1U2pCcELEXvmjBTltAU9PvQaarmBmfHa8c
TBS NEWS DIG Powered by JNN,,,channel/UC6AG81pAkf6Lbi_1VC5NmPA,https://yt3.ggpht.com/AinbPmBSBsp7EuUA5HbrSj4o2qfr08uT8RsS4mP4ssWF1KwjSSNqdtPhra3IcUSNLgV9clxItg
TBS NEWS DIG Powered by JNN,,,video/H3D90-436C4,https://yt3.ggpht.com/AinbPmBSBsp7EuUA5HbrSj4o2qfr08uT8RsS4mP4ssWF1KwjSSNqdtPhra3IcUSNLgV9clxItg
TBS NEWS DIG Powered by JNN,,,video/3CmwLOgQxIY,https://yt3.ggpht.com/AinbPmBSBsp7EuUA5HbrSj4o2qfr08uT8RsS4mP4ssWF1KwjSSNqdtPhra3IcUSNLgV9clxItg
TBS NEWS DIG Powered by JNN,,,video/nwVfs8pDPI4,https://yt3.ggpht.com/AinbPmBSBsp7EuUA5HbrSj4o2qfr08uT8RsS4mP4ssWF1KwjSSNqdtPhra3IcUSNLgV9clxItg
Televisa Piedras Negras,,,channel/UCxK8C1E8UZ5RipNXIBYEvTA,https://yt3.ggpht.com/nOKTolLbL99LLkqiqgSx-IYAnYPwGOOkGyuSZDD4HQdLfgO8uYbKq7HRUuhZSoj_B0Kn_XaY
TELEVISA SAN LUIS POTOSI OFICIAL,,,channel/UCaRuyaHshLdq462E9_pLzdA,https://yt3.ggpht.com/8cAEw5K-QzndPACluQd9EXDk-deYXs-SHJ7MF3Fb9B6qeMm34GhVsZB2KN_c9WV9wsFXIIFp
Televisa Tijuana Oficial,,,channel/UCjwXjnO3BGePtB7gSKEpoqA,https://yt3.ggpht.com/ytc/AGIKgqN9CnPTTXD8UrUoHk-Jl_gFF3ZfsL51UV4P3Cjiog
Televisa Veracruz Oficial,,,channel/UC5EnLdE7ASjYzWt7wvT-QSg,https://yt3.ggpht.com/WMFUH76Iz25xMcEi4nkMRLLfSS4GSotYScDX8st1D2IswLm0dE5EqiFeQVj_QmZCrVk_0Ui9
Televisa Zacatecas,,,channel/UCQb3i7gu9J8A4zzQU7j6C1Q,https://yt3.ggpht.com/seVLi3Jb67C7UCxlExK1uo8YN8BiO05YgZ83C5m3Cp_lVV9cl7TmTYU7-0XPyxNlk5IvIbNR-Q
TelevisionCanaria,,,channel/UCTQrUTmzCWIfG6h4EVCdOCQ,https://yt3.ggpht.com/ytc/AGIKgqPGdNkyv-VycWpv7va3Lh79_CSAn1akY1KuiP8klg
TelevisionCanaria,,,video/6LlZXt8nk4s,https://yt3.ggpht.com/ytc/AL5GRJUo0lu242Db0BX9LOebXxLLY_R3yyTENl211AmyCg
TGRT Haber TV,,,channel/UCzgrZ-CndOoylh2_e72nSBQ,https://yt3.ggpht.com/ytc/AL5GRJVza8r2_oWyMx8LefoIafhnUsEAUAXtcJUajSVJ
Thanh Sơn KOVA,,,channel/UC7vxFi0xABGe9bDK6t6wTrQ,https://yt3.ggpht.com/_KCtFqyPXTWDiRNWwQLucTBRojIkQ86Je1Mi_sCRANn1w4BoGQcVNk-EdXwNrzkkOqTyU8n25w
Thanthi TV,,,channel/UC-JFyL0zDFOsPMpuWu39rPA,https://yt3.ggpht.com/ytc/AGIKgqMS27WclRRq9riYF9sPS4cqWY48jC_2mFqROCaLCuQ
The Good Life Radio,Music,English,channel/UChs0pSaEoNLV4mevBFGaoKA,https://yt3.googleusercontent.com/ytc/AL5GRJVZO9vNVWlTzZ8xvOQOCdrlNCtc3X9PbmgGbFF0AA=s100-c-k-c0x00ffffff-no-rj
Thuý Hằng Official,,,channel/UCLMssMdE_I8g6QpHWyTUqtA,https://yt3.ggpht.com/EQhShID1Bg-zAMbWzO79ABr6H6DFCi-jArDdB5l-8_2QLQqxSiLArD20ubdY1WsBV6EJt4PiAQ
Thợ Xây Bolero,,,channel/UCv-und-RimN88qkOLAxUSlw,https://yt3.ggpht.com/u23MEDtwH6CjaHVdyW4IXvQcq0bPZNyVbaPiSMBNumbZFi1OATl7ESI-ZxCr7MbRpvCUmVxsLw
Time News Live ,,,channel/UCnXxxqVgw9ttLiozpVPjHuw,https://yt3.ggpht.com/YIH0ZMhcOntEQJ5I0PV4zMQtAp3rA2lvqesiQ-ep3NDu0mgxgULVUD6HTBC5bpmywU-lLVVU
Times Now,News,English,video/-aNLNkmqtsg,https://yt3.ggpht.com/GKw3-YGSe7_0K_Y8E-cqomjUmSvqD2E7kBJXaB05QTMYONC6RjJcMkLgtm8KdqX9EEV6QwgDGw
Todo Noticias,,,channel/UCj6PcyLvpnIRT_2W_mwa9Aw,https://yt3.ggpht.com/ytc/AGIKgqOhRqvh3tVmH0E3sgdKYPhXbk21u86m4o952LTOqg
Todo Noticias,,,video/6hWHWGJ1Gbw,https://yt3.ggpht.com/ytc/AL5GRJU4uzn4ZIFaiF_B0-RxCcrGAbGE-PCZC85s_wMhUQ
Tomorrowland,Music,English,channel/UCsN8M73DMWa8SPp5o_0IAQQ,https://yt3.ggpht.com/5C8e_VL2fvl8tEDcnW5K_TsocwiNxbhuXCpdV2t8DhJO-dz8cWIYq6nT3Mf4F9yBnQmIWZUe
toyorlive,,,channel/UCZbpK_Lgctew3YNELlG2ecw,https://yt3.ggpht.com/ytc/AL5GRJXprcb5ptOHNpbtdURM6BCIFDrdZTsXhFC_8H1a
Transformers,Kids,English,channel/UCx7b66RpQRLuOXvItxy0Wxg,https://yt3.ggpht.com/ytc/AMLnZu_IX4cW3hPoiNEHyRQWmQ4iG9CGKvfrONpQFgV-HQ
TRINITAS TV,,,channel/UCcqFHIDYfKsaJ5KXZjzW7ZQ,https://yt3.ggpht.com/ytc/AGIKgqPagI6vCW7llxxoES1DmtESDMEHo2LHwjd9eE3STg
Tripotay Lakay,,,channel/UCmimWvZbHUEBMoZu7agHniA,https://yt3.ggpht.com/ytc/AGIKgqNXHJI6XbtlMNANzChW3idNm-_oCtbKfKe-cSAcIQ
trmh24,,,video/bz6YtSDW02M,https://yt3.ggpht.com/ytc/AL5GRJUFinJzQL1C8NASuCdXeWszUIyxxr1eVXM2BVuoOg
Tropical House Radio,,,channel/UCwuMGwU6kX_lvkrYoVQWBGw,https://yt3.ggpht.com/9nOJQ48zbsLPnx7GgW10tEEabPSePNjyVKnbRZ73pf09sMK_68b0onbzI_r36Z6Klonx94GRKw
TSC,Shop,English,channel/UCsvQn8KCdv1kNaCAu8C1Gog,https://yt3.ggpht.com/cBoqCwufrjvxQUvQ_1dfvxH6PAeJGSij7MYf8oXGvex0haRbrBekKu1nG7aNUOMRACVOHqyh
TSC,,,video/1wotsnJGYWk,
tuy6ch,,,video/InjznBMAJuk,https://yt3.ggpht.com/sMlmIcfiq9zbP228WGixMWZ7Qs7eyz-wDGT1ZyrSRRblroyAdgPjdN_PFxyFKurCkg84HQnM
TV A Crítica,,,channel/UCnLSKfHkgZ6ujEYCO9jq7Sw,https://yt3.ggpht.com/6BaRqJWUjuo7U91NMsuY0aH0vXzgWsUaKGFvvME1SYK8v9aBCRcWq0wSJ10mtLqFtltG08q5
TV La Verdad Oficial,,,channel/UCS5n5q3lJBXom3wVbOiUl9Q,https://yt3.ggpht.com/ytc/AGIKgqNwHqSEshdWvTGN_sk0gMiiXO5pGj5765RLeAM25w
TV Nordestina,,,channel/UC1pXFbM6hPRkUUTeO3txrtw,https://yt3.ggpht.com/ytc/AGIKgqMaXLCZJ6s7Y6aWxbq7yyF0i7VxN1IVnRbUy_LQ3g
TV Pajuçara,,,channel/UCToYO4d7XLXYC0XO_hdyoAw,https://yt3.ggpht.com/XRtoVNP9UXZ_cvCrYs6htRX0aDJ1Ya7r2x2XUv2NVLSOVE0YdQZ0684sl8RnKOiHISQe1-TiAA
TV Senado,,,channel/UCLgti7NuK0RuW9wty-fxPjQ,https://yt3.ggpht.com/6QdyAy4WlScqOZ6_1qLcuhMTQQmTnARVE1f-JX17Jk7ckjNIz5zW42DM16jw6I1wFBo0HiUCrg
TV100,,,channel/UCndsdUW_oPLqpQJY9J8oIRg,https://yt3.ggpht.com/4CNJm0pUovHYqJWisZeJc98Gx9_lUcThNNM9ejwWpm_XE6Kq1XQWemmp8Y-ww96jBJeBlm-_qw
TV360,,,channel/UCfqRQZ40fwEdaDWPuR7tvcw,https://yt3.ggpht.com/ytc/AL5GRJUt_hReMLKmtzrW_PMXtAYnOdF758byq8oV592ZHw
TV5 News ,,,channel/UCAR3h_9fLV82N2FH4cE4RKw,https://yt3.ggpht.com/Hz0ZWAZq64ouDXsGnGv9h1cG6wezsPuYowayytoEVchaYErA8k08WWfA5ox35jJ0hRgn4oBkHg
TVBS NEWS,,,channel/UC5nwNW4KdC0SzrhF9BXEYOQ,https://yt3.ggpht.com/ytc/AGIKgqNHI64XJOiA3nXv1HYbzUDD3fmUZx-kFzr--dwnKA
TVNET,,,channel/UC8rh34IlJTN0lDZlTwzWzjg,https://yt3.ggpht.com/2pTh-_aDGfNQ-6eQ2qPP2FoN7NGe4dznAXK6AEplRFhZ_SbfZPwduGpeZIze-IA3UuTDkLM-3A
tvOneNews ,,,channel/UCER4rvDnRBPr_ncYW4UCZjg,https://yt3.ggpht.com/ri6EHwA3ihlmWwrWsPN_rWeHkClwd5xkt7_SQ-cfDrA-UdOdOD7z0gDGgIHLF2Ryo1x00x1U
TVRI KEPRI,,,channel/UC0XRdEhFSKrQTUIRWYqyuNg,https://yt3.ggpht.com/b8tmq1RlzouSuIe_SKiU-zsI9QZZvSYmZXkD3Act9Uds8H0AVdqTOsF2og7cQE2VfGCBgfvsHyY
Ukraine World News,,,channel/UCGRhTiknVzrL-Rfy4N1tPTA,https://yt3.ggpht.com/QMVhtdIV6XX-yyjuLQnJ5jpfPsW_vsAVa6D7e18AqM0oPO77n3p2Mn5JdDpSGy0gUixcR2mqkg
UMF TV,Music,English,channel/UCX9fOfRkHANZM8iFWhMSpNg,https://yt3.googleusercontent.com/IOjpuq5bFOxY9v2AdvMxbI9RPbxGfLqnHgedrKgvTrb8JIm08f3YvRWLkTQyrv9OX1uxxpW3
United Nations TV,News,English,channel/UC5O114-PQNYkurlTg6hekZw,https://yt3.ggpht.com/ytc/AL5GRJUkxvoSMKPno_bqfVag1XSNPw0eN7Xcj9FNDx0-zA
UNTV News and Rescue,,,channel/UC3XaG-7UVi2vD8ZZEMNnnpw,https://yt3.ggpht.com/ZPWdN5qzZzQcA4QmkvwmLi0etlQh9kaZEdd9ajS1LQexj91gi_cysXVFFRB0yZbRgpcUcQXnqw
Urbana Play 104.3 FM,,,channel/UCC1kfsMJko54AqxtcFECt-A,https://yt3.ggpht.com/8oC9_3lDDhzL1c93jY3RYKlB90cKdMA0IaaOWe0ZVkWwiL8aGpmcTeNwTU-YmNrAJmFrPnOtXg
V6 News Telugu,,,video/_xtceKvlVYQ,https://yt3.ggpht.com/ytc/AL5GRJWecEj43hAue7YTPOcb3f2uQEIuuNqxso9ApDo-i70
Vevo,,,video/xl63OdwuoAw,
Victory Channel,Spiritual,English,channel/UCvYVGf_JFME9dVe3WtljP1Q,https://yt3.ggpht.com/ytc/AL5GRJXJIRK4hY1NKXPXrezul5GZvlBdwqh3DfqcdWqqhA
Viet Melodic Official,,,video/QaRIHPkctB8,https://yt3.ggpht.com/I96-b-cIu5a1jckOClVuO3dJQDVHLO-pRLAXPavGZY5N-qHQfClyuG9YnH2RsrXI_n0xxufmUL4
Viet Melodic Official,,,video/DNaG3dXRitE,https://yt3.ggpht.com/I96-b-cIu5a1jckOClVuO3dJQDVHLO-pRLAXPavGZY5N-qHQfClyuG9YnH2RsrXI_n0xxufmUL4
Vox,News,English,channel/UCLXo7UDZvByw2ixzpQCufnA,https://yt3.ggpht.com/ytc/AMLnZu9twhWxE8HBY5NGawjMEPDpzwlKaqeh55yKfK-93w
VPItv,,,channel/UCVFiIRuxJ2GmJLUkHmlmj4w,https://yt3.ggpht.com/ytc/AL5GRJX3rQrdRxY609Zj-F1KU1A355vn79eJ4BkGdSJT5g
Watania Replay,,,channel/UCdvWVsmQBROkgcGzVep73oA,https://yt3.ggpht.com/s-aSAkhYk-W2oMjXXAuvGe0zFcHNTNXnardDRAABRhKrpRnyhKu4uqrwjhlxLpJNjJKxyrMbKjo
WB Kids,Kids,English,channel/UC9trsD1jCTXXtN3xIOIU8gg,https://yt3.ggpht.com/ytc/AKedOLTWSuXvajlpkF0dcqa8Mf2Va5svzH7b9EC1x0Q7zA
Weathercam,,,video/wEeJfBE8ecM,https://yt3.ggpht.com/imhb27FnbFRB3e5iS2Z7Okj91czXuvkMKUfMGXbmzkLArIlPRGINfWMKW8okNaHOEh36WRuaY38
Web Sport - الرياضية ويب,,,channel/UChI2qxXw006CbgYPCmsAx_g,https://yt3.ggpht.com/b0e6w0EkpdFx180wqDbgvGtRrKpVa1hsaFdVJW_ZzEsVHB0kUIcZlqN69z1HbWbWPfEzlGtLiw
WebCam NL,,,video/R3YNscjcJOk,https://yt3.ggpht.com/EzqBV7Hxio5AO16YSPkr-bPh0x3B3KjPiqJR8o4cnAnSC9R9ZjZJquz6sje_DMdry1KW7Qc2pQ
webcamsdemexico,,,video/c39dvnJyrgs,https://yt3.ggpht.com/49J5S7D-pdtupGQLpLfDNMLD26cK9BK3t_C2w07ZRUqM1jxvpVldwfi8A3Cw6e4CwpfgI_77kw
Willax Television,,,channel/UCort3mldTtMErPqprSlSfng,https://yt3.ggpht.com/ytc/AGIKgqOgxv2xSGR15oR3JYKK2zxdiVMXngJC3k6hktwNv7Q
WION,News,English,channel/UC_gUM8rL-Lrg6O3adPW9K1g,https://yt3.ggpht.com/ytc/AKedOLQ5U-RWZZWrWBgS5imVahjSmIJpb21BW3Rwwd1XTw
World Poker Tour,Hobby,English,channel/UCEUGxpG2rkyJlCvr46PBr6g,https://yt3.ggpht.com/tUoCcMWfGISu5Bb_j2dorGlRGrtw8PNHhJyShDSqWiaCueQiGxoP7jw2dRDcHJGpsDLoDJnq4A
WXII 12 News,,,channel/UC0ZsHHC_frpcqneDpMiteCQ,https://yt3.ggpht.com/ytc/AL5GRJUG970vNzdmkxb7bEZXyUlmMe8rTk26pGnoKH91hA
YTN2,,,channel/UCDww6ExpwQS0TzmREIOo40Q,https://yt3.ggpht.com/ytc/AL5GRJUVXdUrhEXG5av87erK-YgD_ExyMcDV11q18koSow
Yvan Castanou TV,,,channel/UC98fp7fUE_aBfSxqQs3-91w,https://yt3.ggpht.com/kR5HU6o4qleR6T4J1zdCAC4yhAS7I213WqvpJP_Qq84rEAped6CgivvzVn0Sw5HQYqB5gzJLvg
ZAZAマガジンチャンネル,,,video/2RUChKtPxaY,https://yt3.ggpht.com/ytc/AGIKgqPyKG2USiIX0PXiHyt48KNVeT5t8I0-t0Ma_aXl
Zee News,News,Hindi,channel/UCIvaYmXn910QMdemBG3v1pQ,https://yt3.ggpht.com/vZFILuFswtjUIU5oRCc79rxRdML5A_c-D_6AdvgAAd0hqSrJihyJFkT_CTSjYwSrHgiPAAozebY
Église de la Victoire,,,video/HohWBIO-FLE,https://yt3.ggpht.com/SiMNRgCMWUja4NtlVlhj4wA-_qrFG15NMzsP5UHl7yBlog_EjPUHiujQ8hoZBpGdmwF02oYJpg
Église de la Victoire,,,channel/UCY3_KU8qXQeNnPQ_YHI00mw,https://yt3.ggpht.com/SiMNRgCMWUja4NtlVlhj4wA-_qrFG15NMzsP5UHl7yBlog_EjPUHiujQ8hoZBpGdmwF02oYJpg
Антена ТК,,,channel/UC071G63l55wNjG5BlV56lLA,https://yt3.ggpht.com/1oC4KdDRIGLnCllQ0DjqSxk6CN7ZTwnORbqw4IiLdX2D9szwSKFXAXL_NY3s0VYOm3o8tvxHWuE
БЕЛСАТ NEWS,,,channel/UCRokSp8CGOuQO4R0F1RxRGg,https://yt3.ggpht.com/4rRUz0pf1oV3YlfpqfK6QUTJsC90nifV1Y9iCfpxZ5D5wj9Yh8BlwKB1FRK_LSuzZeOqUdPWrA
Ми - Україна,,,channel/UCEduOt4TK8TtOaznB45TrhA,https://yt3.ggpht.com/BxocD7R_wvfiAXPaXCQiRGnXdoBKKbm1FrkeBh-H0m7cW-8r0BVGpjMuOM3_AHrN1KKem3MIlg
Радио Свобода Live,,,channel/UCvJZyAfWreTF1eFGA3qpdLQ,https://yt3.ggpht.com/IcvE92umh1Ly8AdJ0AuuuOhzChtgruFaRzUJ21hkslEDU8ujSV6fibHioUWNI41jN_X7Temw
Телеканал 1+1,,,channel/UCVEaAWKfv7fE1c-ZuBs7TKQ,https://yt3.ggpht.com/tNuyTK2uEqFyqgzlf6idH2ExJQtEbPLfMru9UY6kKMAAFzwj0SvlWj3r9dACRcljad7tqe1w
Телеканал ЕДА,,,video/47k36yRqqD0,https://yt3.ggpht.com/1Hca9OVXYbeCWMDsrEE7I6XIlO7b5bqm71aZFVhejIrc3-8yBqnMC4H2Re_oX7KgvH8i32-X5SY
Телеканал Конкурент TV - новини Луцька та Волині,,,channel/UC7eTa1b57wOoboFKH2hVdMQ,https://yt3.ggpht.com/DQ608hy7KentuCIhC2ZMgXeBwaiH-gyP9nfdB9bArL2kJNfEfn9WICG90r_CZWGOk6ihHU3fm1s
Телеканал Прямий,,,channel/UCH9H_b9oJtSHBovh94yB5HA,https://yt3.ggpht.com/LOAjtAl31lDNGQ92qqk9RYUR9H3Xj-EGr7pxRTUsOclP94brCKaiFcQLB7fMxFQJTcFVLEtXBQ
Телеканал Рада,,,video/CwQl49tDPTk,https://yt3.ggpht.com/hFc01pqtCtAbOHOo0Zr7aHyQDGAyegEMcpLwDC26-QdcPu3743ZUXMU0kUUFOMfv_gkNSS3K
Телеканал Хабар 24,,,channel/UCnAFKvDuqBGkIfV8Vn0J_CQ,https://yt3.ggpht.com/fM1btUiu4ekVPGOZ04TJZPDgmsCjJNKdFz3Y2Tg76DH-17eizrrvru60SgQ7Y29wn06_yl2j
ТСН,,,channel/UCXoJ8kY9zpLBEz-8saaT3ew,https://yt3.ggpht.com/wEuVi81hi3BQNkZVAAycZuvOKrZ2fWO7owzbiahnir5TFlpaA_V3usMuDKTzoZXdW1q8JKlK
ТСН,,,video/WY8sDvZdWEA,https://yt3.ggpht.com/wEuVi81hi3BQNkZVAAycZuvOKrZ2fWO7owzbiahnir5TFlpaA_V3usMuDKTzoZXdW1q8JKlK
דמוקרטTV,,,channel/UC-NrL-C9NpTC_pDhg6LIbTQ,https://yt3.ggpht.com/Kn8S7FasAZ_9PcTqbgLPgl08xx7hy3Ql4eTGweqeUvIV9IhEK3U5dvp-2wb3cVmjzPP5Sx-9qKs
آيات ,,,channel/UC89SSMnCKzXdZsIs_GB6QBg,https://yt3.ggpht.com/vSd05YIZNp4XYjKpsc4wFZFH1FHSfCJRcoDSFyrNE1ROIKSbRziHJhlb3mx2P7dmltuMdGIH
القاهرة والناس,,,channel/UCzWdc0aUo0IDk5ysLrt04hw,https://yt3.ggpht.com/ytc/AGIKgqPd0xAraSY8Vhhgq60wjOEIiEzI1yyBcb5gnGqR
المؤسسة العمومية للتلفزيون الجزائري,,,channel/UCoAqxtPwSGstLWHo4ANgujQ,https://yt3.ggpht.com/48X2oJKBz_V2qAvUB8I-opeoeUlfoNqWQk_J-9W_HFloJGuVv9FSEpCnfjbAeUZGUgZVKYd93w
سكاي نيوز عربية,,,channel/UCIJXOvggjKtCagMfxvcCzAA,https://yt3.ggpht.com/6wh3wbMTas_FiOfcuyU-a-PSL62aeOzoNM-MDyJiUIr8HfINr_kqQlMvgYpjdi5hkVJMR7oo
صوت العترة (عليهم السلام),,,channel/UCySVZYvDeRd5HThx8s2yTzg,https://yt3.ggpht.com/tKv8hW2CCCka27zoVB2iv444uTpkN0pr2I4ks-y62RoICC87Y8vEMuiT6o92z4DnprWS1resBA
عربي TRT,,,channel/UC5GvVahlgulCyo4cshSmbcg,https://yt3.ggpht.com/ri_JxPZ5IX3d45OBx64RhZzoaFBLvawhyTxVIbDY4ZsuxWFKc9_PoHWRTvn3C_iJBxFti4MacA
فرانس 24 / FRANCE 24 Arabic,,,channel/UCdTyuXgmJkG_O8_75eqej-w,https://yt3.ggpht.com/ytc/AGIKgqNn3NgbpjUxvlOUac_ZLXUUMw-hjU3Nl1xjfzK93A
فرانس 24 / FRANCE 24 Arabic,,,video/8BZpOolYLUA,https://yt3.ggpht.com/ytc/AL5GRJVUIExHP-yb88qwraNHBgQ03in-ckwWE1AIe3LHSA
قناة السنة النبوية,,,channel/UCROKYPep-UuODNwyipe6JMw,https://yt3.ggpht.com/ytc/AGIKgqPBwgdpzk1U_VcF9ZxSbDiH0Wa9yKT_hVptC_suZQ
قناة السنة النبوية,,,video/bRSKpb_xzq0,https://yt3.ggpht.com/ytc/AL5GRJV_eWZMQvVeouWag8yW-dRicnLHRR5sFbAr24rLKg
قناة بلقيس الفضائية Belqees TV,,,channel/UCxA_zZwALQMmVMSZyLKC-Nw,https://yt3.ggpht.com/ytc/AGIKgqMohk9hbXpbGnaT_1H2SqO32u9qaMzHkAB1LYOO9w
قناة زاد الفضائية,,,channel/UCOll3M-P7oKs5cSrQ9ytt6g,https://yt3.ggpht.com/OZpyPVmiizit00BXjgt9xpi1VWNISLI1Symchs3jcLGHHGZ5tIRS-aWlhD_xFUPjjpGEBoqauA
【琉球放送】RBC NEWS,,,channel/UCl27leged0PT2kIrRtrFYKA,https://yt3.ggpht.com/ytc/AL5GRJWxszcGNz3G4TgTbX0UBgip7gJaZfZyPZ4cUCyyPw
中天電視,,,channel/UC5l1Yto5oOIgRXlI4p4VKbw,https://yt3.ggpht.com/ytc/AGIKgqNOi0L6ZJlnPuWBF9GfX7hd5wGxytJddYsVGWeT_g
中視新聞 HD直播頻道｜Taiwan CTV news HD Live,,,channel/UCmH4q-YjeazayYCVHHkGAMA,https://yt3.ggpht.com/yibEHBX4Sfi2BPrad679w0sKiDCSQjx67PaGMU3AhPoZAMILyAVlxcHseLqvSP2hBlVxsYG-
北海道ニュースUHB,,,channel/UCpQs_warGhUzJhBdwLfF34g,https://yt3.ggpht.com/ytc/AL5GRJUChhDl0bqmYFRkweVy26uJjPjLPe_91Hib49cIlA
台視新聞 TTV NEWS,,,channel/UC8ROUUjHzEQm-ndb69CX8Ww,https://yt3.ggpht.com/EwLBjB1PzvsfcoXEFdkbXGVZov4lJ9_51CjgHaNDd79Z6jmseEqWE9Veyuq11GOTASDsZwmaK1w
広テレ!公式チャンネル【広島テレビオンデマンド】,,,video/sGpP6DpTDPM,https://yt3.ggpht.com/ytc/AL5GRJUFixhx1MsVEHqrZzHEN3yOwJ8WkmsoEpWXVfkU
日テレNEWS,,,channel/UCuTAXTexrhetbOe3zgskJBQ,https://yt3.ggpht.com/tbEx1gUijdigGn9zNL7npSHkTclQuDKtOkohhUt24KV9R0YNzpNS-1jYUvpd6UGAfzvXpyCG
日テレNEWS,,,video/bHQPi9K-1LU,https://yt3.ggpht.com/tbEx1gUijdigGn9zNL7npSHkTclQuDKtOkohhUt24KV9R0YNzpNS-1jYUvpd6UGAfzvXpyCG
日テレNEWS,,,video/WJ6hzC4-Qgs,https://yt3.ggpht.com/tbEx1gUijdigGn9zNL7npSHkTclQuDKtOkohhUt24KV9R0YNzpNS-1jYUvpd6UGAfzvXpyCG
民視新聞網 Formosa TV News network,,,channel/UC2VmWn8dAqkzlQqvy02E1PA,https://yt3.ggpht.com/ytc/AGIKgqPrZcJOXaFF3gSwhY2CRABr8peyfFP8xLjZoATY5w
福岡・佐賀 KBC NEWS,,,video/bHRaXxyvgU0,https://yt3.ggpht.com/ytc/AL5GRJXLrzVo9kR0ACb3lczhOBQTTLqpMQpbnpVNUJDF
福岡・佐賀 KBC NEWS,,,video/EdHeJBkwGno,https://yt3.ggpht.com/ytc/AL5GRJXLrzVo9kR0ACb3lczhOBQTTLqpMQpbnpVNUJDF
綜藝玩很大 Mr.Player,,,channel/UCQU5uVTG8h9LToACKrm1LMA,https://yt3.ggpht.com/HgZlu9XZj2JplRPXdCHL8tI3BSQyyUCBAgiTH1gNEV-6kjIBFXbjxhJVLds7Y644p_kBVbgzEw
親親2o音樂LîvË【中文音樂】,,,channel/UCcHWhgSsMBemnyLhg6GL1vA,https://yt3.ggpht.com/ytc/AL5GRJUvEt1TM7JxBhsDqhRZmykPJaYhsMLgD6mwdgBT7Q
鏡新聞,,,channel/UC4LjkybVKXCDlneVXlKAbmw,https://yt3.ggpht.com/VZn4d9ZIvAj2ZTdGw8dU9IPkDOvbofQYxSd61nfO-qm14RKRpxJMFbe0Ndhbb_-sjAMV50yURA
静岡朝日テレビニュース,,,video/WwGyKlXdUvw,https://yt3.ggpht.com/_qz_00bTo1niT5u4ZYSk2Mp6xL6kMFnat6DxfG845KoZx4BdKoqXDvKJx0YT68IqCGe6S15qt-o
이데일리TV,,,channel/UC8Sv6O3Ux8ePVqorx8aOBMg,https://yt3.ggpht.com/ytc/AGIKgqNbbnjUtPacvDIChxEv65-3YPsj8xqUpYIN03yeVQ
🔴Live Z101,,,channel/UCucu9XccNzF4BPOweW0RD5w,https://yt3.ggpht.com/ta4WXjr-BBKfkZvX4Bh_JazfSao9MOs_SPAj5BFusDNuTilEpysuh8GapMPGmF4xIKl7DPNx4A
